sku,name,weight,width,depth,height
9319912021104,Riodine Antiseptic Solution 100ml,150,8,3,3
//9325024000975,12Reasons Marula Oil Hair Serum 100ml,0,0,0,0
/5202236137610,ERRE DUE Smooth Stick Concealer 201 Light,0,0,0,0
9338817012062,Glasshouse Fragrances We Met In Saigon Hand Cream Lemongrass 100ml,200,5,5,15
731275887101,Good Riddance Tropical Insect Repellent 100ml,150,5,3,12
//9311262071440,Arkopharma Arthro-Aid Direct Roll-On 100ml,0,0,0,0
4001638095112,Weleda Stretch Mark Massage Oil 100ml,260,6,13.9,3.8
//9317222000376,EpZen Sleep Magnesium Body Spray 100ml,0,0,0,0
//3282770144819,Klorane Organic Cupuacu Repairing Mask 150ml,0,0,0,0
9369999610432,Oral Electrolyte Solution 1 Litre - Apple Raspberry,1300,12,12,22
9316120100959,Brauer Baby & Child Sleep Oral Liquid 100ml,250,8,8,12
//5202236134718,ERRE DUE Skinlike Foundation 201 Beige Like,0,0,0,0
/731509754261,KISS Tintation Semi-Permanent Colour Treatment T340 Vivid Violet 148ml,300,6,6,18
871760003187,Sun Bum After Sun Aloe Cool Down Spray 177ml,230,6,6,22
9348107007098,Eaoron Argan Oil Hair Oil 100 ml,200,4,8,10
//7610313415175,A.VOGEL Echinaforce Cold & Flu Hot Drink Syrup 100ml,100,10,5,5
//9420005397553,The Aromatherapy Co. Limited Edition Passionfruit Pavlova Candle 350g,500,0,0,0
9310460110166,Lady Jayne Flexi-Glide Brush Small 11016,0,0,0,0
//9329224002012,Dermal Therapy Little Bodies Eczema Wash & Shampoo 210ml,350,12,5,16
810020173208,Bondi Sands Gradual Tanning Lotion Tinted Skin Perfector 150ml,300,5,5,15
9300605142756,NANCARE Probiotic Drops For Everyday Gut & Digestive Health 10ml,100,5,5,10
4005833407008,Rowo Herbal Sports Gel 100ml,200,12,5,18
9310460171242,Lady Jayne Flexi-Shine Detangling Brush 17124,0,0,0,0
9358732000128,STUFF Face Wash 125ml,125,5,5,12
//8716569033183,Re-Cycle-Me Steam Collection Science Craft Projects,0,0,0,0
//9332519113362,Splosh Flying Light Up House,200,0,0,0
//9400581047660,Musashi 100% Whey Vanilla Milkshake 330g,0,0,0,0
871760000520,Sun Bum 3 in 1 Leave in 118ml,160,5,5,17
4987084310187,Cationorm Eye Drop Emulsion 10ml,100,3,3,10
/5202236186298,ERRE DUE Full Color Lipstick 419 Pure Blood,100,2,2,6
9312146012078,Thursday Plantation Eucalyptus Oil 50ml,200,5,5,10
//70501062401,Neutrogena Moisturiser Combination Skin 118mL,190,3.5,3.5,15.3
//93551779,Neutrogena Hydro Boost Sleeping Mask 10mL,27,5.4,2.2,5.4
//9415293234345,Wild Ferns Manuka Honey Refreshing Facial Wash 100ml,1000,0,0,0
4001638500210,Weleda Blemished Skin Purifying Gel Cleanser 100ml,737,8.4,16.6,12.6
9310460150308,Lady Jayne Marble Claw Grip 15030,0,0,0,0
//7618900910126,Mavala Nail Mini 012 Berlin,100,3,3,7
9333279040080,Flo Baby Saline Nasal Drops 15ml,100,3,3,12
//9326628141019,PainAway Arthritis Pain Relief Spray 100ml,0,0,0,0
79625071191,EcoTools 7119A Loofah Body Sponge,50,12,3,20
//9332402030592,"Beguiling Baguette
Lychee Flower Gift Set",500,0,0,0
//810020170986,Bondi Sands Fragrance Free SPF 50+ Body Sunscreen Lotion 150ml,565,7.6,20.8,5.6
3616302780020,Fragrance - Beckham Infinite Aqua Eau de Parfum 100ml,100,0,0,0
9317039000880,Murine Eye Mist 15ml,100,5,3,8
9316542146689,Natio Full Coverage Concealer - Light,150,2,2,12
9300711696273,Gaviscon Dual Action Heartburn & Indigestion Relief Liquid Sachets 12 Pack,150,12,3,10
034533391007,Manicare Sapphire Nail File No 1 39100,0,0,0,0
//3282779236966,Klorane Shampoo with Quinine and B Vitamins 100ml Travel Size,150,10,3,4
/9316542137120,Natio Sleep Essential Oil Blend 10ml,100,4,4,12
//9310460170245,Lady Jayne Smoothies Elastics 17024BK Black,0,0,0,0
/9300839206057,Innoxa Super Sensitive Skin Cleansing Milk 150ml,150,5,3,10
30112872,Essie Nail Polish - 318 Resort Fling,0,0,0,0
034533030319,Manicare Ultimate Point Tweezers 23031,100,6,2,12
//074170472073,Sally Hansen Good Kind Pure - 291 Passion Flower,150,0,0,0
9312146012092,Thursday Plantation Eucalyptus Oil 100ml,250,6,6,12
93545495,Thursday Plantation Clove Oil 13ml,50,2.4,6.9,2.4
//9420005397539,The Aromatherapy Co. Limited Edition Lemon & Lime Sorbet Candle 100g,150,0,0,0
/9420005397690,The Aromatherapy Co. Limited Edition Lemon & Lime Sorbet Hand Cream 30ml,100,5,5,12
9316120231103,Brauer Baby & Child Immunity Support Oral Liquid 100ml,200,8,8,12
9316090019893,Natures Own Glucosamine Sulfate 400 Tablets,200,12,12,15
//9316542147716,Natio Vibrant Bloom Hand Care Set,500,12,17,12
//9312658062745,Le Tan Australia Classic Mousse Medium - Dark 180ml,300,6,6,21
//9352337000316,Handsome Men's Facial Moisturiser SPF15 100ml,0,0,0,0
9321299800449,CancerCare Sunscreen for Men SPF50+ 100ml,50,0,0,0
9325024003761,12Reasons Creative Curl Creme 250ml,400,6,6,12
9338817012796,Glasshouse Fragrances Rendezvous Amber & Orchid  Eau De Parfum 14ml,120,2,2,15
9338817012826,Glasshouse Fragrances Kyoto In Bloom Eau De Parfum Twist & Spray Refillable Atomiser Trio Camellia & Lotus 3x19ml,120,3.5,9.5,9.5
4010160053309,Silicea Body Essential One a Day Sachets 30 Sachets,300,20,10,20
/5202236134213,ERRE DUE Perfect Mat Touch Foundation 301 Pale Ivory,150,5,5,12
//9316542148188,Natio Perfectly Polished Gift Set,500,20,20,20
//9349288140994,Clarifying Cleansing Mousse 150ml,0,0,0,0
//871760001886,Sun Bum Original SPF 30+ Sunscreen Lotion 177ml,200,7.5,16.5,4.5
9312658657125,In Essence ie Immune Essential Oil Blend 10ml,120,5,5,12
7618900904019,Mavala Barrier Base Coat 10ml,100,3,3,10
//9316542146764,Natio Clear Oil Control Foam Cleanser 150ml,200,0,0,0
300650530514,Systane Eye Wash Solution 120ml,200,5,5,10
871760005402,Sun Bum Heat Protector 177ml,210,4.5,20,4.5
5018389020224,Bespoke Wild Herbs & Tonka Beans Eau De Parfum 100ml,350,7,7,16
//9332519113386,Yummy Sweets Light Up House,300,0,0,0
/731509753899,KISS Tintation Semi-Permanent Colour Treatment T553 Crimson 148ml,300,6,6,18
//3282779028950,Klorane Conditioner with Quinine 150ml,256,8.2,11.5,3.6
3607343191005,Fragrance - Katy Perry Meow Eau de Parfum 100ml,100,0,0,0
034533313009,Manicare Nail Scissors Straight 31300,0,0,0,0
//9312658500926,In Essence ie: Sleep Essential Oil Mist 100ml,200,4,3,10
3337875533317,La Roche Posay Effaclar Anti-Acne Purifying Mask 100ml,132,6.2,14.8,4
//9332402030714,MOR Majestic Moonlight Marshmallow Bath & Body Set,500,20,20,20
//9300839461616,Innoxa Free & Easy Fragrance Free Deodorant 100ml,0,0,0,0
9325024001019,12Reasons Keratin Hair Treatment Mask 250ml,400,12,12,8
9335955005932,A Bit Hippy Oil Cleanser 100ml,150,7.5,8.8,13
//9319912035354,Bronchodual Cough Syrup 120ml,200,0,0,0
//885190821228,Pixi Vitamin-C Tonic,0,4,11,3.5
//3282770142044,Klorane Purifying Treatment Mask Powder with Organic Nettle & Clay 8 Pack,0,0,0,0
3282770147605,Klorane Volumizing Dry Shampoo With Organic Flax 150ml,181,7.8,17,4.3
//9338661005012,Natural Instinct Restoring Night Cream 110ml,150,0,0,0
//9338817017852,Glasshouse Fragrances Forever Florence Wild Peonies & Lily Gift Set,1000,0,0,0
//9420005375834,The Aromatherapy Co. Uplift Sweet Lime & Mandarin Hand Cream 75ml,106,4.5,16,4.5
79625074215,EcoTools 7421 Cleansing Pad,250,15,7,15
644042995575,Nature's Shield Organic Castor Oil 100ml,200,5,5,12
//9415293234376,Wild Ferns Manuka Honey Refining Facial Scrub 100ml,1000,0,0,0
9329221222819,Manicare Glam 50 Sophia 22281,0,0,0,0
//716237185815,Giovanni 2chic Ultra-Moist Hair Hydration Treatment 51ml,0,0,0,0
21965265,Avenel Floppy Towelling Hat - Maroon Large,400,20,20,20
//9311262071600,Key Sun SIA Tinted Hair Wax 100ml - Blue,0,0,0,0
7618900911819,Mavala Nail Mini 181 Blue Mint,100,3,3,7
9329221223175,Manicare Glam 61 Coco 22317,0,0,0,0
/074170471847,Sally Hansen Good Kind Pure - Island Coconut Nail Oil,150,3,3,8
//9338661000376,Natural Instinct Coffee & Coconut Foaming Face Scrub 125ml,150,0,0,0
//815857017336,Macadamia Natural Oil Luxurious Oil Treatment 125ml,120,3.8,6,12.2
688575179415,Fragrance - Vera Wang Princess Eau De Toilette Women 100ml,100,0,0,0
9343482000207,Loving Tan Purest Tanning Lotion Medium 100mL Light to Medium Skin Tones,150,11,9,15.2
//9421017764333,Trilogy Everything Balm 18ml,150,0,0,0
//8588002203619,BOOS LABS Reparex For Grey Hair Men 125ml,0,0,0,0
9338817027912,Glasshouse Fragrances A Tahaa Affair 150ml Interior Fragrance,400,8,8,12
4005800243615,Elastoplast Youth Mouthguard - Clear,100,18,3,10
3600531511654,Essie All-In-One Base & Top Coat,0,0,0,0
3401528520846,Bioderma Atoderm Huile de douche 1L,1000,8,5,20
/5011522155029,Eylure 18 Hour Lash Glue Clear 4.5ml,0,0,0,0
9325024000906,12Reasons Argan Oil Shampoo 400ml,500,10,10,17
//8716569033237,Re-Cycle-Me Safari Adventures Craft Projects,0,0,0,0
//9415293234406,Wild Ferns Manuka Honey Protective SPF15 Lip Care 12ml,1000,0,0,0
//9420005397775,The Aromatherapy Co. Limited Edition Lemon & Lime Sorbet Body Scrub 30ml,150,5,5,12
/9300607761801,Aveeno Daily Moisturising Body Wash 100ml,250,12,12,17
//9316542147860,Natio Swaying Palm Hand Care Set,500,12,17,12
5030147444103,Blue Stratos After Shave Lotion 100ml,300,7,3,15
/5011522099767,Eylure Lengthening Starter Kit 118,0,0,0,0
//9313698920101,Restoria Discreet Colour Restoring Shampoo 147ml,0,0,0,0
//22200266,Dry Mouth Gel - Mint 40g,0,0,0,0
9300710004147,Euky Bear Sleepy Time Baby Essential Oil Blend 15ml,100,5,3,10
9300711576100,Nurofen For Children 5-12yrs Pain and Fever Relief Orange 100ml,150,5,5,12
//9314839018985,Ego Sunsense SPF 50+ Ultra 125ml,300,12,5,20
3504105034405,Mustela Foam Shampoo for Newborns 150ml,300,10,5,18
//885190821099,Pixi Rose Tonic 100ml,0,4,11,3.5
//5202236206309,ERRE DUE Lip Shine Gloss 201 Starlight,0,0,0,0
//9314839018343,Ego SunSense Anti-Ageing Face SPF 50+ 100ml,0,0,0,0
034533416007,Manicare Chiropody Pliers 120mm 41600,0,0,0,0
//813424021380,Acure Incredibly Clear Charcoal Lemonade Cleansing Clay 118ml,100,12,8,3
//3282770000030,Klorane Leave-In Hair Spray with Flax Fiber 125ml,160,4,17.7,4
93469906,Plunkett's NS 8 Deo Foot Fresh Spray 100ml Pump,126,3.8,16.7,3.8
9310460171198,Lady Jayne Luxe Scrunchies 3 Pack 17119,0,0,0,0
9342126000849,The Jojoba Company Citrus Gel Cleanser 125mL,150,9,9,15.2
/9314807077136,AquaSun ACTIVE SPF 50 150mL Tube,250,6.8,9,12
//814591012584,Ouidad Advanced Climate Control Feather Light Styling Cream 168ml,0,0,0,0
/9356419000546,Growth Bomb AHA Scalp Exfoliant 100ml,200,10,10,14
9310460110272,Lady Jayne Fashion Pins 11027,0,0,0,0
//5202236201519,ERRE DUE Drama Sized Mascara 501,0,0,0,0
5029354010355,AloeDent Triple Action Toothpaste 100ml,150,10,3,3
9314839019555,Ego Azclear Action Day Moisturiser SPF 30 120ml,156,6.5,3.1,15
9316542149031,Natio Quick Dry Moisturising Sunscreen SPF 50+ 100ml,250,5,3,10
//9332059001303,Gaia Newborn Foaming Wash & Shampoo 150ml,0,0,0,0
9316542111458,Natio Aromatherapy Evening Primrose Moisturising Face Lotion 125ml,250,7,7,18
9309000707003,Outside Beauty & SkinCare Face Mist SPF+ 50 100mL,150,9,9,15.2
79625013061,EcoTools 1306 Precision Blush Brush,150,10,3,20
9317934130903,Bushman Plus Sunscreen 20% DEET Pump Spray 100ml,150,6,6,16
//9327842008324,Herbanica Calmamile Chamomile 100ml,0,0,0,0
3616303462062,Fragrance - Beckham Classic Homme Eau De Toilette 100ml,100,0,0,0
9312146006763,Thursday Plantation Tea Tree Face Wash for Acne 150ml,200,4.5,16.5,4.5
5018389027759,So? YOU Summer Breeze Body Mist 150ml,200,5.1,5.2,15.2
//9312658915454,Oil Garden Gingerbread Bauble,100,12,17,12
5010934004765,Just For Men Control GX Regular Shampoo 118ml,150,10,5,15
9310460230130,Lady Jayne One Touch Clips 10 Pack 3013B Black,0,0,0,0
/5202236119678,ERRE DUE Waterproof Lip Designer 217 Blushing,0,0,0,0
//3282779350655,Avène Cleansing Foam 150ml,230,5.5,18.5,5.5
//9421013060644,Kiwiherb Organic De-Stuff for Kids Oral Liquid 100ml,200,4,7,10
//9336127000793,Wotnot Naturals 100% Natural & Organic Baby Lotion 135ml,0,0,0,0
5713795220885,BIBS Glass Bottle Complete Set Ivory 110ml,380,11,11,15.2
9313492789843,Oasis Tritan Motivational Sports Bottle Gradient Pink 1 Litre,200,10,10,30
9300711776258,Nurofen For Children 3months - 5years Pain and Fever Relief Orange 100ml,150,5,5,15
9313492488685,Oasis - Moda Double Wall Insulated Drink Bottle Sea Mist 1L,100,0,0,0
//9349288140598,A'kin Nourishing Cream Cleanser & Toner 140ml,0,0,0,0
//9420005380043,"The Aromatherapy Co. Kitchen Lemongrass, Lime & Bergamot Hand & Body Wash Refill 1ltr",110,14.5,25,14.5
8427324890537,Systane Lubricant Eye Gel Drops 10ml,200,5,5,10
51131200630,FUTURO Performance Comfort Elbow Support 01038ENR,200,12,5,12
4001638097253,Weleda Pomegranate Firming Eye Cream 10ml,20,12.5,11,6.6
/9316542137038,Natio Lavender Essential Oil 10ml,100,3,3,10
9300655603047,Betadine Antiseptic Topical Solution 15ml,100,10,3,14
/3564300032040,Claratyne Children's Saline Nasal Spray 100ml,180,5,5,19
//9342320128059,Nude By Nature Little Wonders Trio,500,20,20,20
9316542111151,Natio Aromatherapy Aluminium Free Roll-On Deodorant 100ml,200,6,6,16
9310320035004,Ultrafresh Spray Freshmint 12ml,50,8,3,10
9300607761429,Aveeno Skin Relief Body Wash 1 Litre,1200,12,8,25
3616303545987,Adidas Pure Game After Shave 100ml,100,0,0,0
//9351568000027,SkinB5 Acne Control Cleansing Mousse 150ml,200,0,0,0
//9317222000369,EpZen Relax Magnesium Body Spray 100ml,0,0,0,0
9421903542410,Crystasoothe Healing Burn Gel Spray 100g,150,5,5,10
5018389020613,Bespoke Fresh Citrus & Vetiver Body Spray 150ml,250,5,5,20
//9420005397515,The Aromatherapy Co. Limited Edition Raspberry Brulee Candle 100g,150,0,0,0
//9369999806385,Oral Electrolyte Solution Concentrate 100ml - Apple Raspberry,0,0,0,0
9313492906721,Oasis Stainless Steel Sports Bottle Challenger Black 1.1 Litre,400,10,10,30
//9420005397942,"The Aromatherapy Co. Therapy Kitchen Lemongrass, Lime & Bergamot Cleanse & Pamper Pack",500,20,20,20
5713795200481,BIBS Pacifier 2 Pack 0+ months Round Size 1 Baby Blue,250,12,12,20
//4005800136979,Elastoplast Sport Kinesiology Tape 50mm x 5m - Blue,100,18,3,10
/731275887156,Good Riddance Tropical Essential Oil 12ml,100,3,3,6
9329224003477,Dermal Therapy Overnight Lip Repair 10g,10,8,11.5,2
//9420015017304,EcoStore Kids Body Wash 3 in1 Pear Pop 350ml,0,0,0,0
//9420005397492,The Aromatherapy Co. Limited Edition Candle Xmas Pud Candle 100g,150,12,17,12
//9421017768898,Trilogy Bakuchiol+ Booster Treatment 12.5ml,150,0,0,0
7618900911789,Mavala Nail Mini 178 Denim Blue,100,3,3,7
9310460171631,Lady Jayne Thin Headband 17163,0,0,0,0
//9421013061474,Kiwiherb ImmuneBerry 100mL,200,4,7,10
//9369998076031,SolarCare B3 SPF15 Moisturiser 250ml,0,0,0,0
//8716569033213,Re-Cycle-Me Robot World Craft Projects,0,0,0,0
//9300710003041,Euky Bear Bee Happy Baby Essential Oil Blend 15ml,0,0,0,0
//047144056104,Bausch + Lomb Boston One Step 5ml,0,0,0,0
9310460073133,Lady Jayne Ibis Clips 2 Pack 7313,0,0,0,0
//9338817012741,Glasshouse Fragrances Flower Symphony Eau De Parfum White Rose & Pear Blossom 14ml,100,0,0,0
813389017237,Don Joy Comfort Diabetic Support Unisex Socks 15-20 Black Large,150,8,3,20
//9338817020371,Glasshouse Fragrances 21 Spinning Carousel & A Tahaa Affair Soy Candle 380g,2000,28,28,10
9300655056812,Betadine Sore Throat Gargle Concentrated 15ml,100,4.4,4.3,15.6
//9349228004904,Peppermint Grove Vanilla Caramel Diffuser 100ml,0,0,0,0
3282770207514,Klorane Dry Shampoo with Aquatic Mint 150ml,181,7.8,17,4.3
9314694058843,Globite Silicone Travel Bottles 100ml 2 Pack,200,0,0,0
//9311262071624,Key Sun SIA Tinted Hair Wax 100ml - Pink,0,0,0,0
//079625031980,EcoTools Brighter Tomorrow Better Blends Ahead Set,500,20,20,20
9317408013930,Sally Hansen Nail Polish Remover For Sensitive & Artificial Nails - Acetone Free 150ml,250,8,3,12
9342126004533,The Jojoba Company Transformative Eye Serum 15mL,50,9,9,11.2
7618900915015,Mavala Cuticle Remover 10ml,100,3,3,10
/9312146012115,Thursday Plantation Eucalyptus Oil 200ml,250,5,5,12
736658496499,Wet Brush Exfoliating Scalp Massager Brush Lavender 1 Pack,60,7,7,8.5
9321299300055,Cancer Council Moisturising Sunscreen SPF50+ 110ml,250,5,3,15
//93631037,Dettol Classic Antiseptic Liquid 125ml,153,3,7,12.5
5000488202038,Rescue Remedy Drops 10ml,100,3,3,10
034533641003,Manicare Body Loofah Bath Brush 64100,0,0,0,0
736658598186,Wet Brush Shower Flex Detangling Brush - Purple,250,12,5,25
9333279040073,Flo Baby Saline Spray 15ml,100,3,3,12
4001638526708,Weleda Skin Food Body Butter 150ml,128,15.8,7,23.7
6970277517843,Alltest COVID-19 Oral Rapid Antigen Test 1 pack,80,12,12,17
//79625912715,EcoTools 1271 Foam Applicator Sponge,0,0,0,0
9313492907377,Oasis  Stainless Steel Travel Tumbler Sea Mist 1.2 Litre,400,16,10,28
9310263001616,Alpha Keri Super Hydrating Moisturising Lotion 1 Ltr,650,11,3,20
9313492889840,Oasis Tritan Motivational Sports Bottle Aquamarine 1 Litre,200,10,10,30
/9316542150914,Natio Kids Happy Days Essential Oil Blend 15ml,100,0,0,0
9314949260069,Gold Cross Castor Oil 100ml,250,5,5,12
/851325002015,Macadamia Healing Oil Treatment 10 ml,120,3.8,6,12.2
//787099574314,BASE SOAP Lemon Myrtle Hand Wash 1 Litre Refill,0,0,0,0
9310130074248,Otrivin Adult Nasal Spray 10ml,200,3,3,5
//3701129800850,Bioderma Sensibio Cleansing Gel 100ml,130,9,9,15.2
//9310160823939,Aleve 12 Hour Anti-Inflammatory Pain Relief Tablets - 12 Tablets,50,9,4,9
9300655603030,Betadine Antiseptic Topical Solution Liquid 100ml,150,5,5,10
9420060207330,Haakaa Reusable Silicone Yummy Pouch 2pk,200,10,3,10
9347597001326,Eco Tan By Sonya Eye Compost Apricot Eye Cream 18mL,50,4,4,7
9313501038047,Earclear Ear Ache Relief Drops 15ml,100,5,3,10
9369999033613,Eco Tan Invisible Tan 150ml,168,8,15,4
9352218001371,NOOSA BASICS Spray Deodorant Sandalwood 100ml,150,4,4,12
//9333279000350,Flo Nozoil Nasal Drops 15ml,33,3.5,10.5,3.4
//9310460171549,Lady Jayne Scrunchie Green 17154,0,0,0,0
4013718022611,Herbacin Cooling Feet and Leg Gel 100ml,150,5,5,12
//9310460171099,Lady Jayne Little Miss Scrunchies 2 Pack 17109,0,0,0,0
//9338817020913,Circa Home 21 Raspberry & Rhubarb Soy Candle 350g,0,0,0,0
9358732000135,"STUFF Daily Face Moisturiser Aloe, Almond & Patchouli Oil 100ml",100,5,5,12
//9321582004844,Martin & Pleasance Rest & Quiet Calm Formula Oral Drops 15ml,0,0,0,0
/5202236115045,ERRE DUE Neverending Foundation 16hrs 04 Golden Nude,0,0,0,0
//9332519113331,Splosh Dinosaur Light Up House,200,20,20,20
9329221222147,Manicare Glam 43 Adriana 22214,0,0,0,0
034533314006,Manicare Cuticle Scissors Curved 31400,0,0,0,0
9335955004287,MOOGOO Rosa Canina (Rosehip) Fruit Oil (100%) w/v 25ml,150,5,7,10
9310460110227,Lady Jayne Tangle Pro Wet Detangling Brush 11020,0,0,0,0
5013965704666,Vicks First Defence 15mL,30,5.1,5,10.2
9316542150730,Natio Sun Kids Everyday Sensitive SPF50+ 100ml,50,0,0,0
//9310460171570,Lady Jayne Scrunchie Sky Blue 17157,0,0,0,0
9338817012048,Glasshouse Fragrances Marseille Memoir Hand Cream Gardenia 100ml,200,5,5,15
7618900903012,Mavala Stop for Nail Biting 10ml,50,4,4,10
034533312002,Manicare Nail Scissors Curved 31200,0,0,0,0
9335955002962,MOOGOO Milk Shampoo 1 Litre,700,7,10,18
9325334010367,Reclens Eye Wash Cup 15ml 10 Pack,80,12.5,9,15.2
/9329221231132,Manicare DermaSCULPT Gua Sha Stone 23113,100,10,3,12
9338817023662,Glasshouse Fragrances Sunsets In Capri Eau De Parfum100ml,300,10,8,10
9330130004502,DermaVeen Sensitive Relief Eczema Cream 100ml,120,4.5,17.5,3.7
9300711281745,Optrex Refreshing Eye Drops for Tired Eyes 10ml,100,4,3,10
9313776014050,BODY PLUS 1405 Hypoallergenic Undertape 5cm*10m,80,5.3,10.2,7.5
//3282779384148,Klorane Leave-In Hair Cream with Desert Date 125ml,144,6.2,17,4
//9319912021029,Riodine Antiseptic Solution 15ml,50,8,3,3
3221160614556,Manicare Cuticle Therapy Oil 61455,0,0,0,0
//5202236143321,ERRE DUE Satin Eyeshadow 312 Smoky Signals,0,0,0,0
9325024003778,12Reasons Creative Styling Creme 236ml,450,10,10,17
//9415293234475,Manuka Honey Conditioning Face Mask 100ml,1000,0,0,0
//9338817012727,Glasshouse Fragrances Diving Into Cyprus Eau De Parfum Sea Salt & Saffron 14ml,100,2,2,12
9335955005918,A Bit Hippy Face Mist 100ml,120,5.1,5.2,10.2
9310460973112,Lady Jayne Salon Pro Porcupine Radial Brush 7311 Large,0,0,0,0
///9400581032802,Nutra-Life Glucosamine 1500 Complex Advanced 90 Tablets,274,6.5,12.2,6.5
9331134016201,Murine Clear Eyes 15ml,40,4,2,8
/9314807077143,AquaSun SunKiss Tanning Accelerator SPF 8 150mL Tube,250,6.8,9,12
//9335955004720,MOOGOO Tail Swat Roll-On 115ml,250,4,10,12
//9416114041975,Weleda Pomegranate Inspire & Regenerate 2 Pack,300,0,0,0
//9421017767068,Trilogy Certified Organic Rosehip Oil 10ml Rollerball,150,0,0,0
9312658657095,In Essence ie Headache Essential Oil Blend 10ml,120,5,5,12
//9341544012700,Burt's Bees Naturally Nude Lip Trio,500,0,0,0
//9420005397591,The Aromatherapy Co. Limited Edition Raspberry Brulee Candle 350g,500,0,0,0
//9342320131608,Nude By Nature Absolute Volumising Mascara 01 Black,0,0,0,0
//9349228005178,Peppermint Grove Lychee & Guava Soy Candle 370g,500,20,20,20
9369998199518,GluteGuard Blister 10 Tablets,150,10,2,5
4005808224388,Nivea Men Protect & Care Face Cream Moisturiser Spf 15 75ml,100,5,5,10
9310059002315,Visine Allergy Eye Drops 15 ml,0,0,0,0
9350279000098,Microshield T Triclosan 1% Skin Cleanser 125ml,220,4,4,15
9312658657088,In Essence ie Balance Essential Oil Blend 10ml,120,5,5,12
4021457637690,Lavera Basis Sensitiv - All Round Cream 150ml,100,0,0,0
9310130074286,Otrivin Junior Nasal Spray 10ml,100,4,4,12
/9343723005534,Nutra Organics Skin Care Soothing Facial Spray After Sun Mist 100ml,100,8,8,6
9420005402462,The Aromatherapy Co. Naturals Diffuser - Blood Orange & Pomelo 120ml,400,8,8,20
9310460110265,Lady Jayne Satin Scrunchie Navy or Cream with Floral Print Only 11026,0,0,0,0
9318637042685,Cetaphil Pro Acne Prone Oil-Free Facial Moisturising Lotion SPF25 118ml,200,6.5,17,3.5
9335955000494,MOOGOO Baby Bubbly Wash 500ml,750,7,9,14
9338817031407,Glasshouse Fragrances  Desert Devine Eau De Parfum 14ml,100,2,2,12
//4021457629060,Lavera Basis Sensitiv Cleansing Milk 125ml,0,6.1,18.5,3.5
//9341544012717,Burt's Bees Self-Care Trio,350,0,0,0
9338817012079,Glasshouse Fragrances The Hamptons Hand Cream Teak & Petitgrain 100ml,100,5,5,12
//9338817020982,Circa Home Jasmine & Magnolia Candle & Diffuser Gift Set,2000,0,0,0
9312658657101,In Essence ie Stress Essential Oil Blend 10ml,120,5,5,12
9316120195504,Brauer Kids Manuka Honey Cold & Flu Oral Liquid 100ml,250,8,8,12
//9338817020296,Glasshouse 21 Night Before Christmas Soy Candle 380g,0,0,0,0
9316542147112,Natio Nail Colour - Dune,100,4,4,10
9326628141088,Pain Away Forte+ Arthritis Pain Relief Spray 100ml,0,0,0,0
86449259933,CRYSTAL Mineral Deodorant Spray Unscented 118ml,150,4,3,12
//9343655000492,No More Sweat BBT Antiperspirant 150ml,200,15,5,5
7611916357756,Weleda Hydrating Facial Mist 100ml,200,5,5,10
9352218001364,NOOSA BASICS Spray Deodorant Rose & Frankincense 100ml,200,4,4,12
//9317046336187,Opti-Free Replenish Contact Lens Solution 120ml,250,10,5,14
5060104170660,YES Cleanse Intimate Wash Unfragranced 150ml,240,8.8,4.7,12.5
9310263001654,Alpha Keri Super Hydrating Gentle Wash 1 Ltr,1200,15,10,22
9300673916457,Panadol Children 5-12 Years Fever & Pain Relief Orange 100ml,250,5.5,3.5,11.5
9314839003134,Ego Moov Insect Repellent Spray 120ml,250,4,4,15
640466164061,Bye Bye Blemish Vitamin C Exfoliating Gel 118ml,120,5,5,12
9317039000446,FESS Little Noses Nasal Spray + Aspirator 15ml,68,6,11.9,4.2
/5011522143422,Eylure Pre-Glued Naturals 031,0,0,0,0
9316542147150,Natio Nail Colour - Lovely,100,4,4,10
9325024000937,12Reasons Argan Oil Serum 100ml,200,6,6,10
//9312658500186,ie Breathe Essential Oil Mist 100ml,0,0,0,0
9312658657064,In Essence ie Hayfever Essential Oil Blend 10ml,120,5,5,12
//5202236186229,ERRE DUE Full Color Lipstick 412 Fatal Instinct,0,0,0,0
9321299102246,Cancer Council Sensitive Sunscreen SPF50+ 110ml,250,5,3,15
/9329221231125,Manicare DermaSOOTHE Massage Globe,350,6,4,12
4013162027187,Fenjal Intensive Body Oil 145ml,200,7,10,14
//5202236106128,ERRE DUE Perfect Brow Designer 12 Sable,0,0,0,0
51131200623,FUTURO Performance Comfort Ankle Support 01037ENR,200,12,5,12
9316542145170,Natio Restore Nourishing Roll-On Eye Serum 16ml,100,3,3,12
//9369998318735,Oral Electrolyte Solution Concentrate 100ml - Orange,350,8,3,14
9300710000620,Bosistos Antifungal Solution 100ml,100,8,8,10
9316542150297,Natio Aromatherapy Daily Protection Face Moisturiser SPF 15+ 50ml,150,0,0,0
//9349228005161,Peppermint Grove Champagne & Red Raspberries Soy Tealights,300,20,20,20
//9338817020401,Glasshouse Fragrances 21 Advent Calendar,3000,0,0,0
9300607490329,Zyrtec Kids Liquid Grape 120ml,150,7,7,12
//3504105028770,Gentle Cleansing Gel 100ml,0,0,0,0
//9312658918677,In Essence ie Mind Trio Set,0,0,0,0
9358732000111,STUFF Shaving Gel 100mL,125,5,5,12
//9338817020210,Glasshouse Fragrances 21 Night Before Christmas Soy Candle 60g,0,0,0,0
/9316542150945,Natio Kids Magical Wonder Oil 125ml,300,0,0,0
9314807008130,Fabuluscious Triple Tough 15ml,100,5,5,12
7618900916012,Mavala Thinner 10ml,100,3,3,10
9316542147174,Natio Nail Colour - Ruby,100,4,4,10
9316542150747,Natio Sun Kids Everyday Sensitive SPF50+ Sunscreen 100mL,50,0,0,0
3616303322052,Fragrance - Adidas Victory League EDT 100ml,100,0,0,0
8056746071110,Curasept Chlorhexidine Toothpaste 0.12% 75ml,120,5,5,20
/5202236113737,ERRE DUE Everlasting Liquid Matte Lipstick 613 Lights Out,50,2,2,6
//4103040018670,Lip Repair 10ml,0,0,0,0
9337896001646,BioCeuticals Liposomal Methyl B12,250,4,4,11.8
4001638097079,Weleda Citrus Deodorant 100ml,230,6,15,3.6
3504105034535,Mustela Organic Stretch Marks Oil 105ml,180,5,5,12
9321299102222,Cancer Council Ultra Sunscreen SPF50+ 110ml,200,5,3,15
9342126004144,The Jojoba Company Multi Defence Moisturiser SPF15 50mL,85,9,9,15.2
//5011522146393,Eylure Pre-Glued Naturals 116,0,0,0,0
3607348816552,Fragrance - Katy Perry Killer Queen Eau de Parfum 100ml,100,0,0,0
//7618900811287,Mavala Festive Coffrets - Circus,0,0,0,0
9317046855299,Systane Ultra 10ml Eye Drops,200,5,5,10
9317039002310,Murine Dry Eyes 10ml,100,5,2,8
034533414003,Manicare Chiropody Stainless Steel Pliers 100mm 41400,250,8,3,12
840155602229,Sun Bum Revitalizing Hair Mask 177ml,230,7,7,20
//716237187888,Giovanni 100% Pure Castor Oil 250ml,300,3,3,15
9314807008765,Brut Refresh Aftershave Lotion 100ml,200,12,4,17
//9338205001906,Hola Milk Whitening Cleansing Foam 150ml,0,0,0,0
9312658501930,In Essence ie Anxiety Essential Oil Blend 10ml,120,5,5,12
9310059002209,Visine Clear Eye Drops 15 ml,0,0,0,0
074170452938,Sally Hansen Nail Rehab 13.3ml,150,10,4,12
9314057004913,Difflam Sore Throat Spray Forte 88 Sprays 15mL,33,3.5,3.5,9
9310059002247,Visine Advanced Eye Drops 15 ml,0,0,0,0
9313492907339,Oasis Stainless Steel Travel Tumbler Alabaster 1.2 Litre,400,16,10,28
//9311171000036,Disposable Gloves 10 Pack - Large,0,0,0,0
9314839021275,Ego SunSense Face Ultra Light SPF50+ 100mL,125,9,9,15.2
//9338817020388,Glasshouse Fragrances 21 Night Before Christmas Soy Candle 760g,1200,0,0,0
9314839020001,Ego SunSense Face Ultra Light Tint SPF50+ 100ml,300,12,5,15
5018389009564,SO...? Eau De Toilette Spray 15ml,100,5,4,8
//9369999065508,Wartfree Wart Removal Pen 1.5ml,50,5,3,12
5060104170707,YES Vaginal Moisturising Gel 100ml,170,8.8,4.7,12.5
9311037421005,RID Tropical Strength Antiseptic Insect Repellent Roll On 100ml,180,4,4,12
//9314839015700,Ego Azclear Action Moisturiser SPF 30 120ml,156,6.5,3.1,15
9316542130909,Natio Flawless Foundation SPF15 - Light Medium,150,5,5,12
//9353965007524,b.box Baby Bottle Sage 180ml,200,5.4,12,14
9316120299455,Brauer Sambucus Kids Black Elderberry Cold & Flu Forte 100ml,200,5.1,3.8,10.2
9421900137930,MycoNail Anti-Fungal Nail Lacquer Kit 5ml,80,12,6,12
//9317376731300,Nizoral Anti-Dandruff Treatment Shampoo 1% 100ml,150,5,3,12
5018389008789,SO...? Sinful Eau De Toilette Spray 15ml,100,5,4,8
//871760001145,Sun Bum Lip Balm Key Lime SPF 15+,10,1.5,6.8,1.5
7618900911901,Mavala Nail Mini 190 Honolulu,100,3,3,7
5000488104325,Rescue Remedy Sleep Drops 10ml,150,3,3,10
813389017244,Don Joy Comfort Diabetic Support Unisex Socks 15-20 Black XL,150,8,3,20
//9332402030660,Bumbling Beetles Handcare Collection,500,0,0,0
/5202236119609,ERRE DUE Waterproof Lip Designer 210 Marsala,0,0,0,0
//9316542137151,Natio Calm Essential Oil Blend 10ml,100,4,4,12
//5202236159803,ERRE DUE Kissproof Matte Lip Color 701 Marshmallow Bite,80,3,7,10
9310460110258,Lady Jayne Claw Grip 11025,0,0,0,0
//9338817020234,Glasshouse Fragrances 21 Forever Florence Trio,200,0,0,0
9313492488692,Oasis - Moda Insulated Drink Bottle Sea Mist 1.5L,100,0,0,0
9310130074255,Otrivin Menthol Nasal Spray 10ml,50,5,4,10
//9349288140956,A'kin Geranium & Cedarwood Natural Spray Deodorant 150ml,0,0,0,0
9300673822451,Duofilm Solution 15ml,70,3,3,10
//793591228051,Regrow Men's Hair Tonic 100ml,200,4,4,15
3616303545994,Adidas Team Force Aftershave 100ml,100,0,0,0
9310059017500,Zyrtec Kids Allergy & Hayfever Oral Liquid Banana 75ml,250,8,8,17
9320344001114,Bausch + Lomb Biotrue Multi-Purpose Solution 300ml + 120ml Duo Pack,700,14,10,20
9343482001518,Loving Tan Deluxe Tan Remover 100ml,150,9,5.2,12.2
871760005907,Sun Bum Texturizing Sea Spray 177ml,230,5,5,20
//9351083000120,The Base Collective Magnesium Cream Magnesium & Vitamin E 100ml,200,0,0,0
/810020173291,Bondi Sands SPF 50+ Mineral Body Lotion 120ml,300,5,5,15
//9310130074293,Otrivin Junior Nasal Drops 10ml,0,0,0,0
3282779051361,Avène Soothing Eye Contour Cream 10ml,20,3.2,10.2,2.5
//9310460170832,Lady Jayne Metallic Swirly Pins 17083 4 Pack,0,0,0,0
//9349288140604,A'kin Purifying Gel Cleanser 150ml,0,0,0,0
/731509754209,KISS Tintation Semi-Permanent Colour Treatment T223 Blue Midnight 148ml,300,5,5,18
9314839003165,Ego Moov Head Lice Defence Spray 120ml,250,6,6,12
//9314108234306,Cocomelon 3 In One 400ml,0,0,0,0
//9338817020937,Circa Home 21 Raspberry & Rhubarb Fragrance Diffuser 250ml,500,0,0,0
9312658657040,In Essence ie Digest Essential Oil Blend 10ml,120,5,5,12
//9321299102116,Cancer Council Everyday Sunscreen SPF30+ 110ml,0,0,0,0
4001638500234,Weleda Blemished Skin S.O.S Spot Treatment 10ml,140.1,8.4,16.6,12.6
//810020170351,Bondi Sands Hydra After Sun Aloe Vera Aerosol Foam 192ml,500,0,0,0
4001638095747,Weleda After Shave Balm 100ml,285,6,14,3.8
//9420005375933,The Aromatherapy Co. Strength Sandalwood & Cedar Hand Cream 75ml,106,4.5,16,4.5
9343482001082,Loving Tan Deluxe Bronzing Mousse Ultra Dark 120ml,350,5,5,18
9310460222814,Lady Jayne Snagless Thick Elastics 2281BL 10 Pack Blonde,0,0,0,0
4001638095617,Weleda Revitalising Hair Tonic 100ml,275,6.1,14,3.7
9300711648074,Optrex Advance Preservative-Free Eye Drops for Tired and Uncomfortable Eyes 10ml,100,7,3,10
//9369999057053,SolarCare B3 100ml,0,0,0,0
/9325024111480,12Reasons The Absolute Volume Powder 12g,12,5,5,10
3337875660570,La Roche Posay Pure Vitamin C10 Serum 30ml,94,5.5,11,3.55
9329221231316,MAC 23131 Lash & Brow Spoolie Brush,100,0,0,0
9314057005347,Difflam Concentrate Throat Gargle with Iodine 15mL,80,6,6,16
9310460150322,Lady Jayne Premium Claw Grip 15032,0,0,0,0
871760001893,Sun Bum Original SPF 50+ Sunscreen Lotion 177ml,300,7.5,16.5,4.5
//8716569031950,Re-Cycle-Me Pizzeria Craft Projects,0,0,0,0
797776108497,Aussie Mozi Co Natural Outdoor Spray 150ml,170,5.1,11,15.2
9310304015053,AquaE Dry Mouth Spray 100ml,160,6,6,17
//9420005397799,The Aromatherapy Co. Range Aroma Dream Diffuser Trio Gift Set,0,0,0,0
838760000035,Avène Thermal Spring Water 150ml,300,5,3,12
9310460170238,Lady Jayne Style Guards Spirals 17022BK Black,0,0,0,0
3282770200553,Avène DermAbsolu Youth Eye Cream 15ml,37.5,3.5,12.7,2.8
9347597001418,Eco Tan By Sonya Glory Lips 15mL,30,3,5.4,9
9313492907353,Oasis Stainless Steel Travel Tumbler Periwinkle 1.2 Litre,400,16,10,28
//7618900913219,Mavala Nail Mini 321 Gotland,100,3,3,7
7618900914506,Mavala Cuticle Oil 10ml,100,3,3,8
5018389016999,SO...? Unique Vanilla Candy Body Spray 150ml,250,5,4,12
21965258,Avenel Floppy Towelling Hat - Bottle Large,400,20,20,20
//663595931755,WoodWick Frasier Fir Candle - Large,0,0,0,0
//9338817017807,Ode To Women Diffuser Cashmere & Wild Lavender 250ml,0,0,0,0
//3504105030544,Mustela Stelatopia Foam Shampoo 150ml,0,0,0,0
//9332402030585,Beguiling Baguette Snow Gardenia Gift Set,250,12,5,5
//9325024000968,12Reasons Marula Oil Hair Treatment Mask 250ml,0,0,0,0
//9330130010152,\DERMAVEEN DN MOIST LTN 1LTR,50,0,0,0
//885190821020,Pixi Glow Tonic 100ml,0,0,0,0
9342126003819,The Jojoba Company Firming Eye Balm 15mL,50,9,9,15.2
//9338817020951,Circa Home 21 Oceanique Mini Soy Candle Bauble 60g,150,10,10,10
4001638099271,Weleda Sage Deodorant 100ml,230,6,15,3.6
9300711576117,Nurofen For Children 5-12yrs Pain and Fever Relief Strawberry 100ml,250,5,5,15
9329224003309,Dermal Therapy Acne Control Wash 175ml,100,0,0,0
9310460122817,Lady Jayne Snagless Thick Elastics 2281B 10 Pack Black,0,0,0,0
9350299002393,Chemists' Own Paracetamol Pain & Fever 1- 5 Yrs Suspension 200mL (S2),250,6.1,6,15
705928652057,NeilMed Piercing Aftercare Fine Mist 177mL,270,6,6,18
30095434,Essie Nail Polish - Island Hopping 041,0,0,0,0
//9332519113379,Splosh Safari Light Up House,300,20,20,20
9311037431004,RID Tropical Strength Antiseptic Insect Repellent Pump Spray 100ml,200,4,4,12
/9329414720153,Swisspers 3in1 Cleansing Infusion Pads with Argan Oil,100,0,0,0
9300711372856,Strepfen Anti Inflammatory Throat Spray Cherry & Mint Flavour 15mL,100,9,9,15.2
9313492907360,Oasis Stainless Steel Travel Tumbler Pink Lemonade 1.2 Litre,400,16,10,28
//9420005397614,The Aromatherapy Co. Limited Edition Lemon & Lime Sorbet Candle 350g,500,20,20,20
//9314839019838,Ego etch&ethos Body Lotion Summer Citrus 1L,1300,12,4,15
9300631048138,Optrex Advance Actimist Preservative-Free Dry Eye Spray 10ml,100,12,5,15
5038483433584,Scholl Eulactol Cracked Heel Balm Gold 120ml,158,14.2,11,5.2
9335955004713,MOOGOO Fresh Cream Deodorant Lemon Myrtle 115ml,250,4,6,8
5018389027803,So? YOU Love Blossom Body Mist 150ml,200,5.1,5.2,15.2
4013162018291,Fenjal Miss Fenjal Creme De Parfum Fluid Classic 100ml,260,8,4,15
5018389020231,Bespoke Oriental Woods & Amber Eau De Parfum 100ml,420,7,7,16
//9420005397751,The Aromatherapy Co. Limited Edition Raspberry Brulee Lip Balm 15ml,150,4.7,9,12
//9300839461883,Innoxa Free & Easy Regular Deodorant 100ml,0,0,0,0
9338817012024,Glasshouse Fragrances Kyoto In Bloom Hand Cream Camellia & Lotus 100ml,200,5,5,12
//9316120110309,Brauer Baby & Child Calm 100ml,0,0,0,0
746092298047,Vrindavan Castor Oil Certified Organic 100ml,140,5,5,10
/9316542137052,Natio Lemongrass Essential Oil 10ml,100,4,4,12
0300650287135,Naphcon-A Eye Drops 15ml,150,4,2,6
9316542147143,Natio Nail Colour - Violet,100,4,4,10
//9316542148195,Natio Sweet Treats Nail Colour Gift Set,500,12,17,12
3337872414152,La Roche Posay Pigmentclar Eye Anti-Pigmentation Cream 15ml,30,3.2,12.1,2.2
9313492988697,Oasis - Moda Insulated Drink Bottle Allabaster 1.5L,100,0,0,0
9325024000913,12Reasons Argan Oil Conditioner 400ml,500,10,10,17
9310460171518,Lady Jayne SIR Hair Tie 17151,0,0,0,0
300650481182,Systane Complete Lubricant Eye Drops 10ml,200,5,5,10
4001638099950,Weleda Sea Buckthorn Replenishing Body Oil 100ml,260,6,13.9,3.8
//9420005376053,The Aromatherapy Co. Energy Rosemary & Lemon Pulse Point 15ml,43,2.5,12.5,2.5
/9316120078357,Brauer Baby & Child Cough Oral Liquid 100ml,200,8,8,12
//9420005375858,The Aromatherapy Co. Balance Cinnamon & Vanilla Bean Hand Cream 75ml,106,4.5,16,4.5
5010724515068,Sterimar Isotonic Nasal Hygiene Sea Water Spray 100ml,200,5,5,17
7612367014014,Medela Breastmilk Bottle with Teat (S) 150ml,200,10,10,15
/9310714228128,Schwarzkopf Extra Care Keratin Volume Foam 150ml,300,5,5,18
//9338817020302,Glasshouse Fragrances 21 White Christmas Soy Candle 380g,1000,20,20,20
//5202236106616,ERRE DUE Perfect Brow Mascara 51 Ash Blonde,0,0,0,0
3433422405912,La Roche Posay Toleriane Foamng Gel Cleanser 150ml,185,7.8,14.5,5
//9312658500117,ie Hayfever Essential Oil Roll On 10ml,0,0,0,0
//9315195946073,Optive Fusion Lubricant Eye Drops 10ml,30,5.4,4.7,7
4057599006872,Claratyne Children's Des 100ml,300,6,6,12
//62781110026,Lacteeze Drops 15.5ml,0,0,0,0
9358732000104,"STUFF Exfoliating Facial Scrub Pumice, Almond Oil &Cedarwood 100ml",100,5,5,12
9300673447395,Panadol Children's Elixir 5-12 Years 200mL (S2),500,5.5,3.5,11.5
9416967918387,Neat Feat Foot & Heel Balm Spray 125ml,300,5,5,16
//5029354010379,Optima AloeDent® Pro Sensitive Toothpaste 100ml,150,0,0,0
//7618900921740,Mavala 12 Days of Christmas Advent Calendar,0,0,0,0
813389017213,Don Joy Comfort Diabetic Support Unisex Socks 15-20 Black Small,150,8,3,20
//9311262071631,Key Sun SIA Tinted Hair Wax 100ml - Purple,0,0,0,0
736658496529,Wet Brush Exfoliating Scalp Massager Brush Coral 1 Pack,60,7,7,8.5
5900525078711,Hada Labo Smoothing Anti-Fatigue Eye Cream 15ml,30,3,5.2,10.2
5900525078681,Hada Labo Lotion No.1 Super Hydrator 150 ml,150,3,8,12.2
810020173239,Bondi Sands Skin Illuminator Gradual Tanning Lotion 150 ml,300,5,5,15
9312658657057,In Essence ie Breathe Essential Oil Blend 10ml,120,5,5,12
9338817021323,Glasshouse Fragrances A Tahaa Affair Devotion Eau De Parfum Caramel & Jasmine 14ml,100,3,3,12
9316754102398,Plunkett's Vita E Pure Vitamin E Quick Dry Oil 125ml Pump,152,4.5,16.5,4.5
7618900905610,Mavala Nailactan 15ml,100,3,3,10
9342126000405,The Jojoba Company Bead Facial Cleanser 125mL,150,9,5.2,15.2
93550833,Thursday Plantation Peppermint Oil Headache Relief 25ml,67,3,8,3
//854049002170,Acure Radically Rejuvenating Cleansing Cream 118ml,300,12,8,3
//9326628102904,PainAway Ultra Pro Joint & Muscle Pain Relief Spray 100ml,0,0,0,0
/42078784,Leukoflex Tape 1.25cm x 5m,50,10,5,8
9330139000376,Plunkett's 99% Pure Aloe Vera Cooling Spray 125ml,170,5,5,16
9421903096883,Antipodes Avocado Pear Nourishing Night Cream 15 ml,100,4,4,14
3337875816847,La Roche Posay Cicaplast Baume B5+ Repairing Balm 100ml,100,5,5,15
310119033401,Bausch + Lomb Renu Fresh Multi-Purpose Solution 120ml,200,6,6,18
034533813004,Manicare Acetone Free Nail Polish Remover 60ml,0,0,0,0
667820112001,Toppik Fiberhold Spray 118ml,200,3.9,16.2,3.9
//9300839461456,Innoxa Free & Easy Aluminium Free Deodorant 100ml,0,0,0,0
9310460150315,Lady Jayne Pro Claw Grip 15031,0,0,0,0
/5202236186311,ERRE DUE Full Color Lipstick 421 High Heels,0,0,0,0
/5011522143545,Eylure Pre-Glued Fluttery Intense No.141 Lashes,50,5.1,3.8,10.2
//9329224002005,Dermal Therapy Little Bodies Eczema Moisturising Lotion 175ml,250,5,5,12
9312426006919,Skin Control Blemish Banish 14g,150,12,3,18
/5202236157540,ERRE DUE Vinyl Liquid Eye Liner 24hrs 01 Black Leather,50,1,1,14
9312146003021,Thursday Plantation Tea Tree Antifungal Solution For Nails 10ml,47,5.5,9.6,2.7
9310460109207,Lady Jayne Detangling Brush Large 10920,0,0,0,0
9313492906752,Oasis Stainless Steel Sports Bottle Challenger Lavender 1.1 Litre,400,10,10,30
7618900912199,Mavala Nail Mini 219 Blue Siesta,50,3,3,7
/9316542137137,Natio Relax Essential Oil Blend 10ml,100,4,4,12
9352337000057,Handsome Men's 2 in 1 Shampoo,200,5,5,12
//9346710000604,Herbs of Gold Baby Probiotic 12 Billion 50g Oral Powder,120,18,13,6
//9336022015878,Ecoya White Musk & Warm Vanilla Grand Celebration Candle 900g,0,0,0,0
9318637044153,Cetaphil Optimal Hydration Eye Serum 15ml,300,3,3,10
//9336022019104,Ecoya Celebration Trio,250,20,20,20
9349268000157,Medlab NanoCelle Activated B12 30ml,150,120,10,15
9314839019999,Ego SunSense Performance SPF50+ 125ml,300,12,5,15
9310160823434,Drixine 12 Hour Relief No Drip Formula Original Pump Mist Nasal Spray 15ml,50,5.1,5.2,8.5
034533310008,Manicare Toenail Scissors 31000,0,0,0,0
//5202236186236,ERRE DUE Full Color Lipstick 413 Evil Devil,0,0,0,0
3616303424237,Adidas Dynamic Pulse Aftershave 100ml,100,0,0,0
9329221221904,Manicare Glam 24 Miranda 22190,0,0,0,0
9317376730365,Livostin Antihistamine Hayfever Nasal Spray 10mL,50,5.1,3.8,8.5
//9310460103250,Lady Jayne Tangle Pro Detangling Brush 10325,0,0,0,0
//9421903925725,Antipodes Worship Skin Defence Antioxidant Serum 10ml,25,4,4,12
9313492788693,Oasis - Moda Insulated Drink Bottle Orchid 1.5L,100,0,0,0
9342126004311,The Jojoba Company Jojoba Activating Cleansing Oil 125mL,150,12,11,15.2
//9338817020944,Circa Home Mini Bon Bon Candle Trio,500,21,7,12
9310460110241,Lady Jayne Slim Slides 11024,0,0,0,0
//3607345379067,Rimmel Lasting Finish 25hr Foundation - 201 Classic Beige,0,0,0,0
9310160823427,Drixine 12 Hour Relief No Drip Formula Moisturising Pump Mist Nasal Spray 15mL,50,3.8,3.8,8.5
9327580002882,Botani Rescue Acne Foaming Cleanser 100ml,180,5,5,12
9329224002760,Dermal Therapy Hair Restoring Shampoo & Conditioner 210ml,210,10,4,15
//810020170832,Bondi Sands Coconut SPF 50+ Aerosol Mist Spray 160g,210,5,16,5
9310460110340,Lady Jayne 3D Flexi-Glide Detangling Brush 11034,0,0,0,0
9314807068523,Invite E Vitamin E Oil 100ml,180,5,5,12
//9314839019821,Ego etch&ethos Body Lotion Botanical Bloom 1L,1300,12,4,15
/9310460170283,Lady Jayne Double Bar Slides 17028,0,0,0,0
//9420005397638,The Aromatherapy Co. Limited Edition Passionfruit Pavlova Hand Cream 30ml,150,5,5,12
//9000101263992,Schwarzkopf Got2b Foam Dry Shampoo 150ml,200,5,5,15
9300607761436,Aveeno Skin Relief Moisturising Lotion 1 Litre,1200,12,12,17
//9349288141267,A'kin Australian Desert Lime & Sweet Orange Natural Spray Deodorant 150ml,170,5,5,12
9310460521306,Lady Jayne Side Comb 2130B Black 4 Pack,0,0,0,0
//9338817026342,Glasshouse Fragrances Jubilant Haze Eau De Parfum 14ml,150,3,3,12
/9312658164029,Le Tan - Express Self Tanning Foam 110ml,100,0,0,0
9325024111541,12Reasons The Absolute Mousse 220g,220,8,8,15
9316542130916,Natio Flawless Foundation SPF15 - Light Honey,150,5,5,12
9352337000002,Handsome Men's Shave Gel 175ml,200,5,5,12
//9310460110357,Lady Jayne Salon Pro Angled Vent Styling Brush 11035,200,10,10,30
9333279000039,Flo Nozoil Nasal Spray 15ml,100,3,3,12
//792850900141,Burt's Bees All Weather SPF 15 Lip Balm 4.25g,4.2,7,9.5,1.9
//854049002057,Acure Brightening Cleansing Gel 118ml,300,12,8,3
9330130000603,Nyal Decongestant Nasal Spray Non-Drowsy 15mL,30,8.5,3,15.5
//797776873609,Kfibre 100% Natural Whole Plant Fibre 100g,0,0,0,0
9338817021200,Glasshouse Fragrances A Tahaa Affair Devotion Eau De Parfum 100ml,450,10,10,10
//9336127000236,Wotnot 100% Natural Nappy Rash Cream & Baby Balm 100ml,0,0,0,0
/9312658063704,Innoxa Hydrating Eye Gel Serum 15ml,15,3,3,8
//9331134016409,Murine Sore Eyes 15ml,0,0,0,0
034533441009,Manicare Toe Nail Clippers with Catcher and Nail File,100,10,2,10
7618900909014,Mavala Ridge Filler 10ml,100,3,3,10
9310460024210,Lady Jayne Metal Pin Pad Brush 2421 Purse-Sized,0,0,0,0
9313923102289,Herbs of Gold Lysine 1000 + Olive Leaf,120,18,13,6
//7618900964150,Mavala Mini Nail Color 415 Pushy Purple,100,3,3,7
5012583207931,Schwarzkopf GOT2B Farewell Flyaways Touch Up Brush 16ml,100,8,3,14
5018389020637,Bespoke Wild Herbs & Tonka Beans Body Spray 150ml,170,4,4,20
9338817012840,Glasshouse Fragrances Midnight In Milan Eau De Parfum (Rose and Saffron) Twist & Spray 19mL,50,4.7,4.7,8.5
/85600000292,Brauer Baby & Child Colic Oral Liquid 100ml,300,6,6,10
//8716569033077,Re-Cycle-Me Ocean Adventures Craft Projects,0,0,0,0
//4001638095709,Weleda Refining Toner 100ml,290,60,148,42
74764620101,Ardell Natural Demi Lashes 120,150,12,2,10
7618900931015,Mavala Double Lash Serum 10ml,100,3,3,10
3337872413735,La Roche Posay Redermic Vitamin C Anti-Ageing Eye Cream 15ml,31,3.95,13.35,2.85
//3525722026642,Color & Soin 1N Ebony Black 135ml,0,0,0,0
9338817023648,Glasshouse Fragrances Sunsets In Capri Eau De Parfum White Peach & Sea Breeze 14ml,200,10,1,1
9337896001035,BioCeuticals Methyl B12 Chewable 60 Tablets,150,4.7,4.7,8
9310460109214,Lady Jayne Detangling Brush Small 10921 (Colours picked at random),80,5,5,17
//9316542146849,Natio Calm Gentle Care Hydrating Lotion 100ml,150,0,0,0
9313492588682,Oasis - Moda Drink Bottle Pink Lemonade 1L,100,0,0,0
5018389110253,So? - Body Mist Fragrance 150ml,250,5.1,5.2,15.2
9300607379792,Neutrogena Neutrogena Oil-Free Acne Wash 175mL,240,6.4,3.6,16
9317039000736,FESS Little Noses Nasal Spray 15ml,36,3.8,11.9,3.8
//9420005375995,The Aromatherapy Co. Stress Peppermint & Lavender Pulse Point 15ml,43,2.5,12.5,2.5
9326628291080,Pain Away Forte+ Ultra Pro Joint & Muscle Pain Relief Spray 100ml,0,0,0,0
9318637043781,Cetaphil Sun Spf50+ Kids Liposomal Lotion 150mL,200,6.5,17,3.5
93437059,Manicare Nail Polish Remover Pads 27651 Floral,0,0,0,0
//9325024000944,12Reasons Marula Oil Shampoo 400ml,0,0,0,0
7640114722622,Maltofer Iron Syrup 50mg/5ml 150ml,300,10,10,17
9300607561883,Neutrogena Hydro Boost Cleanser Water Gel 145mL,195,4.1,4.1,17.76
5018389020781,SO...? Unique Truffle Cream Body Mist 150ml,220,5,4,12
9300673916112,Panadol Children 1-5 Years Strawberry Flavour 100ml,150,5.5,3.5,11.5
731509160048,KISS 100 Full-Cover Nail Kit - Active Oval,100,12,4,18
9337896000199,BioCeuticals B12 Spray 50mL Oral Liquid,200,3.5,3.5,12.2
30095038,Essie Nail Polish - Blanc 001,0,0,0,0
//663595920520,WoodWick Warm Wool Candle - Medium,500,0,0,0
//9327842008355,Herbanica Echinamune Echinacea 100ml,0,0,0,0
3607349312459,Fragrance - Katy Perry Purr Eau De Parfum 100ml,100,0,0,0
871760000476,Sun Bum After Sun Aloe Cool Down Lotion 177ml,210,7.5,16.5,5
//5202236157502,ERRE DUE Matt Liquid Eye Liner 101 Black Ink,0,0,0,0
//4001638095730,Weleda Gentle Cleansing Milk 100ml,290,60,148,42
9329224002067,Dermal Therapy Crystal Deodorant Spray 120ml,88,4,17.5,4
7618900908017,Mavala Nail Shields 2 X 10ml,120,5,3,8
9321299102277,Cancer Council Active Sunscreen SPF50+ 110ml,250,5,3,15
//9316754101858,Plunkett's SuperBright Exfoliating Skin Brightener 15ml,73,4.3,12.3,4.1
/5202236119654,ERRE DUE Waterproof Lip Designer 215 Bloodshoot,0,0,0,0
//9349228005239,Peppermint Grove Buttercream & Vanilla Soy Candle 370g,500,0,0,0
//754590176736,HiSmile VIO405 Teeth Whitening Kit 21mL,65,12,8,15.2
9310460322811,Lady Jayne Snagless Thick Elastics 2281BR 10 Pack Brown,0,0,0,0
9314807039370,Sambucol Kids Black Elderberry Vitamin C Liquid 120ml,300,10,10,15
9313492688696,Oasis - Moda Stainless Steel Drink Bottle Periwinkle 1.5L,100,0,0,0
//9338817020227,Glasshouse Fragrances 21 Hand Cream Duo,200,0,0,0
//5011522155081,Eylure 18 Hour Lash Glue Black 4.5ml,0,0,0,0
//9312146010340,Thursday Plantation Macadamia Ultra Hydrating Face Cleansing Oil 125ml,160,4.4,15.5,4.4
/5202236115007,ERRE DUE Neverending Foundation 16hrs 01A Light Beige,200,4,4,8
//9420005397676,The Aromatherapy Co. Limited Edition Raspberry Brulee Hand Cream 30ml,150,5,5,12
9316542128159,Natio Men Spice Of Life Body Wash 210ml,350,7,7,14
//9349228005246,Peppermint Grove Lemon Myrtle & Pine Soy Candle 370g,500,0,0,0
//8716569033206,Re-Cycle-Me Mini Boxes Craft Projects,0,0,0,0
30102590,Essie Nail Polish - Play Date 102,0,0,0,0
//70501054000,Neutrogena Moisturiser Sensitive Skin 118mL,190,3.5,3.5,15.3
9300711778092,Nurofen For Children 3months - 5years Pain and Fever Relief Strawberry 100ml,150,5,5,15
//885190812639,Pixi Vitamin-C Juice Cleanser 150ml,209,4.5,14,4.5
/5011522143514,Eylure Pre-Glued Fluttery Light 117,0,0,0,0
3433422406728,La Roche Posay Serozinc Toning Mist 150ml,190,5,18.5,5
9310320036001,Ultrafresh Coolmint Breath Freshener 12ml,50,8,3,10
5018389020644,Bespoke Oriental Woods & Amber Body Spray 150ml,160,5,5,19
//7612367021982,Medela Calma with Breastmilk Bottle 150ml,100,8,8,10
9328727006947,BioCeuticals CoQ10 Excel 150mg 90 Soft Capsules,200,5.4,5.4,10.4
//9356586000646,Synxplus Shoe Deodoriser Mist 150ml,0,0,0,0
9359702000063,We Are Feel Good Aftersun Cooling Lotion 100ml,150,9,9,15.2
9310160813503,Cepacol Antibacterial Mint Mouthwash 150ml,150,5,5,10
9327693000362,Sukin Signature Cream Cleanser Pump 125ml,100,0,0,0
//9328370002068,Wellgrove Practitioner Range Olive Leaf Extract 1:1 500ml,0,0,0,0
9369998173303,BeyondKP Triple Action Smoothing Cream 100ml,150,20,5,5
9341824000618,Lanolips The Original 101 Ointment Multipurpose Superbalm 15g,31,7.5,2.5,14
//9336022018329,Ecoya Wild Sage & Citrus Fragranced Laundry Liquid 1L,0,0,0,0
736658496550,Wet Brush Exfoliating Scalp Massager Brush Blue 1 Pack,60,7,7,8.5
//9321299600131,Cancer Council Ultra Sunscreen SPF50+ 1L,1100,12.5,9,20.5
//3282770049381,Avène PhysioLift Eye Contour 15ml,75.8,3.7,12,3.7
//5030147446121,Blue Stratos After Shave Lotion 50ml,50,10,5,15
//9316542148072,Natio Active Life Set,100,12,17,12
9310059010204,Zyrtec Kids Allergy & Hayfever Oral Drops 20ml,100,4,4,10
//9420005397478,The Aromatherapy Co. Limited Edition Passionfruit Pavlova Candle 100g,150,0,0,0
9314949260090,Gold Cross Oil of Cloves 10ml,150,3,3,5
//9300839461531,Innoxa Free & Easy Sport Deodorant 100ml,0,0,0,0
//4103040162106,Sebamed Liquid Face and Body Wash 1L,1145,11.6,22.5,6
/5202236159551,ERRE DUE Silky Premium Lip Definer 511 Scarlet,50,1,1,16
9316120101154,Brauer Baby & Child Runny Nose 100ml,250,8,8,17
3282770208214,Avène A-Oxitive Smoothing Eye Contour Cream 15ml,100,4,4,14
7618900912014,Mavala Nail Mini 201 Beige Chill,100,3,3,7
/9300607080421,Sudafed Xylo Nasal Decongestant Twin Pack 10mL,50,10.75,3.8,10
9340404000482,HYLO-FORTE Lubricating Eye Drops 10ml,200,5,4,15
9310460150049,Lady Jayne Dark Bun Styler Kit S/M,0,0,0,0
9325024003457,12Reasons Purple Conditioner 400ml,500,10,10,17
//885190812561,"Pixi Rose Cream Cleanser
135ml",153,6.5,18,3.5
//9420005376015,The Aromatherapy Co. Sleep Lavender & Chamomile Pulse Point 15ml,43,2.5,12.5,2.5
//9338817020920,Circa Home 21 Gingerbread Cookies Soy Candle 350g,1000,10,10,13
//9349228005017,Peppermint Grove Patchouli & Bergamot - Soy Candle & Cloche Set,300,12,17,12
9325024000999,12Reasons Keratin Conditioner 400ml,500,10,10,17
//8716569033329,Re-Cycle-Me Steam Collection Craft Projects,0,0,0,0
9338817022184,Glasshouse Fragrances Moon and Back Eau De Parfum 14ml,100,5,5,20
9314839019951,Ego SunSense Comfort SPF50+ 125ml,300,12,5,15
3701129807835,Bioderma Sensibio Cleansing Micellar Oil 150ml,0,0,0,0
034533411002,Manicare Corn Plane Blades 41100,0,0,0,0
71164302262,HASK Oil 5-in-1 Leave-in Spray 175ml,250,6,6,18
//792850760998,Burt's Bees Mama bee Leg & Foot Creme 100ml,100,5.4,19.7,3.5
9310460021257,Lady Jayne Metal Tail Comb 2125,0,0,0,0
9347597000350,"Eco by Sonya Natural Rose Hip Sunscreen
150ml",220,4,19,6.6
//9310460128215,Lady Jayne Fringe Pins 50 Pack 2821B Black,0,0,0,0
4001638088039,Weleda Birch Cellulite Oil 100ml,275,6,27,3.8
9316120195450,Brauer Kids Manuka Honey Chesty Cough Oral Liquid 100ml,200,6,6,14
//9310160823946,Aleve 12 Hour Anti-Inflammatory Pain Relief Tablets - 24 Tablets,100,9,4.7,11.7
//9355599000049,Alya Skin Foaming Micellar Cleanser 135ml,195,4.5,4,15.5
034533381008,Manicare Cuticle Trimmer 38100,0,0,0,0
9300830048625,Cerumol Ear Drops 10ml,100,6,3,10
9300711562813,Nurofen For Children 5-12yrs Pain and Fever Relief Concentrated Liquid Strawberry 200mL,300,15,3,5
9316542147105,Natio Nail Colour - Peony,100,4,4,10
4008666701763,Plantur 39 Conditioner for Coloured & Stressed Hair 150ml,250,10,10,18
/9310714227886,Schwarzkopf Extra Care Restoring Argan Oil 100ml,200,4,6,10
9316626102211,Nilstat Nystatin (100000U/ml) Oral Drops 24ml (S3 Pharmacist Only Medicine),100,9,5.2,15.2
9314807037499,KP24 Rapid Head Lice Treatment 150ml,300,8,8,20
//9310714208724,Curl Flex Shine Creme 150ml,182,7,3,17
9300711826670,Optrex ActiMist 2in1 Eye Spray for Dry and Irritated Eyes 10ml,100,12,5,15
//9327693006609,Sukin Signature Natural Cream Cleanser Cap 125ml,0,0,0,0
694530000434,Go Curly 150ml,250,10,8,12
//697063000063,Primal Nature Rosehip Cleansing Lotion 125ml,0,0,0,0
4013718021409,Herbacin Hand Cream Original Tube 100ml,100,5,5,2.5
/4013718021430,Herbacin Intensive Moisture Tube 100ml,100,5,5,12
//3800038712244,VICTORIA Beauty Hair Colour Shampoo - V41 Wild Plum,0,0,0,0
9317039000682,FESS Dry Nose Oil Nasal Spray 10ml,34,4.4,10.8,3
7502273991243,Microdacyn Wound Care Solution 120ml,150,6,4.8,12.5
9310460171648,Lady Jayne Thick Flexi Headband 17164,0,0,0,0
9310460130881,Lady Jayne Stratton Moseley Esquire Comb 13088,0,0,0,0
//9336830055394,Designer Brands 5X Large Magnifying Mirror,0,0,0,0
074170451078,Sally Hansen Maximum Growth 13.3ml,150,10,4,12
9338817012772,Glasshouse Fragrances Midnight In Milan Eau De Parfum Saffron & Rose 14ml,100,2,2,12
8004395001118,Proraso Shaving Cream 150ml,0,0,0,0
//9312658915447,Oil Garden Christmas Tree Bauble,100,20,20,20
3282770204681,Avène Cicalfate+ Restorative Protective Cream 100ml,300,4.8,20,4.8
9300673916792,Panadol Children 1-5 Years Orange Flavour 100ml,150,5.5,3.5,11.5
9338817012031,Glasshouse Fragrances I'll Take Manhattan Hand Cream Orchids & Blood Orange 100ml,200,5,5,12
//9327693000287,Sukin Signature Facial Moisturiser Cap 125ml,0,0,0,0
9310460023510,Lady Jayne Boar Bristle Pad Brush 2351 Purse-Sized,0,0,0,0
//9316542146870,Natio Petal Gift Set,500,0,0,0
5018389016944,SO...? Unique Berry Bliss Body Mist 150ml,200,5,4,12
4057599003338,Drixine 12 Hour Relief Decongestant Nasal Spray 15mL,50,5.1,3.8,8.5
5018389027704,So? YOU Magic Dream Body Mist 150ml,200,5.1,5.2,15.2
//9421903364326,Antipodes Apostle Skin-Brightening Serum 10 ml,50,0,0,0
7618900964129,Mavala Nail Mini 412 Fashionista Black,100,3,3,7
74764610102,Ardell Natural Lashes 110,100,12,3,10
9300710001245,Bosistos Eucalyptus Oil 175ml,300,5,5,12
//9420005376039,The Aromatherapy Co. Recovery Geranium & Rosemary Pulse Point 15ml,43,2.5,12.5,2.5
9329221260156,Manicare Scented Sleep Turban 26015,0,0,0,0
//71164323786,HASK Monoi Coconut Oil Nourishing Hair Oil 18ml,0,0,0,0
5060104170677,YES Cleanse Intimate Wash Rose 150ml,150,8.8,4.7,12.5
/5202236158660,ERRE DUE Blusher 107 Apple Pie,0,0,0,0
9314807048952,Sambucol Cold and Flu Kids Cough Liquid 120ml,300,10,10,15
9329221260149,Manicare Scented Sleep Mask 26014,0,0,0,0
034533410005,Manicare Corn Plane 41000,0,0,0,0
8902411111455,Gastro-soothe 20 Tablets Hyoscine Butylbromide 10mg,100,0,0,0
9347597002712,Eco By Sonya Driver Glory Veil SPF 50+ 150mL,200,9,9,15.2
3401360212237,Bioderma Sensibio H2O Eye Makeup Remover Biphasic 125ml,200,12.7,5.7,5.7
//9339876000755,Roseneath Naturals Dream State Sleep Room Spray 125ml,250,10,3,10
//79625430714,Freeman Beauty Renew + Relax Face Mask Kit,350,20,20,20
9317039002464,Summer’s Eve Extra Cleansing Douche with Vinegar & Water 133ml,165,4.8,18.5,4.8
9312426002874,Glow N Dark Lubricant 100ml,200,5,5,12
//9342320128196,Nude By Nature Luxe Beauty 15 PC Brush Set,500,20,20,20
9329224002050,Dermal Therapy Foot Odour Control Powder Spray 210ml,190,5.3,20.5,5.3
9338817027936,Glasshouse Fragrances Kyoto In Bloom 150ml Interior Fragrance,400,8,8,12
//9415293234321,Wild Ferns Manuka Honey Gentle Facial Cleanser 140ml,1000,0,0,0
9313501038122,Earclear Cleansing Spray 100ml,120,7,7,20
/813389017282,DJO - Diabetic Sock Unisex 15-20 mmHg White XL,100,0,0,0
//9327842008348,Herbanica Snoozeze Passionflower 100ml,0,0,0,0
9341824013526,Lanolips 101 Dry Skin Super Cream,0,0,0,0
9314839021336,Ego SunSense Sensitive Protect SPF50 125mL,150,9,9,15.2
//9336022015854,Ecoya White Musk & Warm Vanilla Celebration Candle 345g,0,0,0,0
300651439960,Systane Ultra Lubricating Eye Drops 10ml Twin Pack,200,5,5,10
//9338817020203,Glasshouse Fragrances 21 A Tahaa Affair Bauble Candle 30g,100,8,8,8
9314807083045,"Ease A Cold Kids Cough, Cold & Flu - Berry 180ml",200,8,8,12
9300673916280,Panadol Children 1-5 Years Strawberry Flavour 200ml,300,8,8,16
9300705605397,Cenovis Zinc Plus 150 Tablets,100,5,5,7
9338475098408,ApoHealth Childrens Paracetamol 1 Month - 2 Years 20ml,120,5.7,4,10.2
9325740003700,Skin Doctors Ingrow Go 120ml,200,4,4,15
3282779416139,Avène Cicalfate Hand Cream 100ml,117,5.5,15.6,4.3
9338817012833,Glasshouse Fragrances Twist and Spray Set Forever Florence Eau de Parfum 19ml with Refillable Atomiser,200,15,8,15
//3282770141177,Klorane Quinine Hair Strengthening Serum 100ml,0,0,0,0
9347312000030,Sinupret Oral Syrup 100ml,100,8,8,12
86449253917,CRYSTAL Mineral Deodorant Spray Chamomile & Green Tea 118ml,0,0,0,0
//9313923031893,Herbs of Gold Children's Cold Care 100ml,120,18,13,6
4001638500050,Weleda Gentle Cleansing Foam 150ml,208,49,177,289
//9325024000951,12Reasons Marula Oil Conditioner 400ml,0,0,0,0
//9356475000023,Rehydraid No Colour No Flavour 1L,0,0,0,0
//9336830055400,Designer Brands 10X Small Magnifying Mirror,0,0,0,0
9319733001958,Telfast Hayfever Allergy Relief Kids Liquid Non-Drowsy  150mL,200,8.8,8.8,12.1
9316542147099,Natio Nail Colour - Cloud,100,4,4,10
//9420005397652,The Aromatherapy Co. Limited Edition Xmas Pud Hand Cream 30ml,150,12,17,12
9316542140106,Natio Rosewater Hydration Gentle Cream-Gel Face Cleanser 100ml,200,6,6,17
047144054315,Bausch + Lomb Boston Simplus Multi-Action Solution 120ml,0,0,0,0
3504105024932,Mustela Vitamin Barrier Cream 123 100ml,200,5,5,15
5713795198917,BIBS Glow Pacifier 2 Pack Round Size 1 Dark Iron and Baby Blue,200,9,9,15.2
//9319629108525,Revitanail Stop Bite & Protect 14ml,0,0,0,0
9315195943089,Optive Advanced Lubricant Eye Drops 15ml,40,5.4,4.7,7
9329221210717,Manicare Baby Soft Touch Nail Clipper 21071,0,0,0,0
4005800281877,Elastoplast Wound Spray 100mL,150,6.5,4,10.2
9317934001678,Bushman Naturals Insect Repellent Lemon Eucalyptus Pump Spray 145ml,250,5,5,18
//9349288130209,A'kin Dry Shampoo 150ml,0,0,0,0
3282770145700,Klorane Soothing Conditioner With Organic Peony 150ml,0,0,0,0
//9421017760052,Trilogy Hydrating Mist Toner 100ml,150,0,0,0
9338817012161,Glasshouse Fragrances Lost In Amalfi Body Bar Sea Mist 180g,300,12,5,10
9300673916969,Panadol Children 1-5 Years Orange Flavour 200ml,400,5.5,3.5,11.5
9300607761306,Aveeno Daily Moisturising Body Lotion 1 Litre,1200,12,12,17
3616303321932,Fragrance - Adidas Ice Dive Eau De Toilette 100ml,100,0,0,0
//9336022018800,Ecoya Fresh Pine At Dawn Madison Jar Soy Candle 400g,600,0,0,0
9317039000828,Little Coughs Oral Liquid Original 100ml,234,6.3,11,5.4
9313492888690,Oasis - Moda Insulated Drink Bottle Black 1.5L,100,0,0,0
//9310460576139,Lady Jayne Travel Brush 7613,0,0,0,0
9343482001068,Loving Tan Deluxe Bronzing Mousse Medium 120ml,350,5,5,18
9300673916624,Panadol Children 5-12 Years Fever & Pain Relief Orange 200ml,250,5.5,3.5,11.5
9421013060545,Kiwiherb Children's Organic Cough Syrup Oral Liquid 100ml,300,4,4,12
/5202236119166,ERRE DUE Waterproof Eye Designer 106 Mulberry,0,0,0,0
9421013060569,Kiwiherb Organic Cough Syrup 100ml,150,3,7,12
//9353740001914,Salt by Hendrix Gel Face Cleanser 195ml,0,0,0,0
9338817012758,Glasshouse Fragrances Kyoto In Bloom Eau De Parfum Camellia & Lotus 14ml,100,2,2,12
3504105033897,Mustela Stretch Marks Cream Fragrance Free 150ml,150,5,5,17
810020171877,Bondi Sands Self Tanning Foam 1 Hour Express Fragrance Free 200ml,320,5,5,25
62600061577,Aveeno Daily Moisturising Lotion 71ml,150,12,12,17
//85805152147,Elizabeth Arden Eight Hour Cream Nourishing Lip Balm with Sunscreen 15ml,0,0,0,0
9310460023503,Lady Jayne Boar Bristle Pad Brush 2350 Large,0,0,0,0
9314807007249,Fabuluscious Ceramic Glaze 15ml,150,5,5,10
//9420005376503,The Aromatherapy Co. Essential Oil Blend Pure Lavender 20ml,62,3.5,8.5,3.5
//9300705605618,Cenovis Men's Multi 100 Capsules,0,0,0,0
9300607490114,Zyrtec Levocabastine Nasal Spray 10ml,50,10,5,12
9313492788686,Oasis - Moda Insulated Drink Bottle Orchid 1L,100,0,0,0
//9310130074262,Otrivin Adult Nasal Drops 10ml,0,0,0,0
//9338817017623,Circa Home Mimosa Mist Soy Candle 260g,400,12,15,12
//9354410000015,Pentavite Multivitamin + Iron Kids Liquid 100ml,0,0,0,0
9316542133276,Natio Restore Day Cream SPF15 75ml,150,7,7,14
3337872413148,La Roche Posay Cleansing Micellar Foaming Water 150ml,228,4.8,17.3,4.8
9313776014043,BODY PLUS 1404 Latex Free Rigid Tape 3.8cm*10m,70,7,4.2,8.4
/9311037500038,RID Low Irritant Insect Repellent Pump Spray 100ml,200,6,6,12
800307811756,Helios Super Strength Nail Glue 1.8ml,50,6,3,12
/804589908036,Baxter Blue Digital De Stress Roll On 10ml,150,0,0,0
/728238762537,We Are Feel Good Inc. After Sun Cooling Lotion 100ml,150,5,3,8
/5202236135098,ERRE DUE Blusher 109 Maple Syrup,150,10,3,10
9314807007256,Fabuluscious Nail Polish Remover Non-Acetone 125ml,250,6,6,12
9347597000183,Eco Tan Face Tan Water 100ml,180,4,4,12
/9329414720146,Swisspers 3in1 Cleansing Infused Pads with Aloe,100,0,0,0
//9342320128141,Nude By Nature Complexion Perfection Blend & Set Trio,500,20,20,20
//70501892718,Neutrogena T/Gel Anti-Dandruff Conditioner 130ml,0,0,0,0
//9316542146801,Natio Clear Urban Defence Moisturiser SPF15 100ml,150,0,0,0
9421906730470,Antipodes Baptise Ultra Hydration Water Gel 15mL,50,0,0,0
9329221210748,Manicare maniPRO 2-in-1 Cleaner & Pusher 21074,0,0,0,0
9316542150303,Natio Men SPF 15+ Every Day Face Moisturizer 50ml,150,12,9,15.2
9346368000049,WAXSOL Ear Drops 10ml,100,10,3,8
9316542147082,Natio Nail Colour - Top & Base Coat,100,4,4,10
/9416967371014,Neat Feat Shoe Deodorizer 125ml,250,6,6,12
//9416114041982,Weleda Skin Food Indulge & Restore 2 Pack,300,0,0,0
//9349228005185,Peppermint Grove Lychee & Guava Fragrance Diffuser 350ml,500,0,0,0
//9327842008362,Herbanica Dandetox Dandelion 100ml,0,0,0,0
9317039000675,Aci-Jel Vaginal Jelly 100g,150,20,3,3
//9349228005000,Peppermint Grove The Garden Party Limited Edition Diffuser 350ml,0,0,0,0
9335955004997,MOOGOO Baby Tail Swat Roll-On 115ml,250,4,10,12
9325024003440,12Reasons Purple Shampoo 400ml,500,10,10,17
9316542147129,Natio Nail Colour - Excite,100,4,4,10
//9314839008818,Ego SunSense Clear Gel SPF 50 125ml,0,0,0,0
9321582002055,Ki Health Defence Kids Cough & Cold Liquid 100ml,200,8,8,12
86800124313,Neutrogena Oil-Free Eye Make-Up Remover 112mL,160,4.3,4.3,13
//9420005397737,The Aromatherapy Co. Limited Edition Xmas Pud Body Butter 30ml,150,12,17,12
3337875806923,La Roche Posay Hyalu B5 Eye Serum 15ml,30,8,5,10
9338817012765,Glasshouse Fragrances Melbourne Muse Eau De Parfum Coffee Flower & Vanilla 14ml,100,2,2,12
//9349228005116,Peppermint Grove Champagne & Red Raspberries Soy Candle 370g,500,20,20,20
9333279000114,Eze Allergy Antihistamine Nasal Spray 10ml,100,4,4,12
7618900907010,Mavala Colorfix 10ml,100,3,3,10
4001638526456,Weleda Hydrating Eye Gel 10ml,100,4,4,10
//3282770075571,Klorane Keratin Strength Fortifying Spray 125ml,195,6.5,18.3,5.1
//9338661001328,Natural Instinct Natural Instinct Skin Radiance Facial Moisturiser 125ml,150,0,0,0
//9338817020241,Glasshouse Fragrances 21 30g Candle Trio,300,0,0,0
//5202236134619,ERRE DUE DD Cream 101 Light,0,0,0,0
//5202236159452,ERRE DUE Silky Premium Lip Definer 501 Blush,0,0,0,0
9300710014153,Euky Bear Sniffly Nose Baby Essential Oil Blend 15ml,50,3.8,3.8,10.2
/9316542137106,Natio Peppermint Essential Oil 10ml,100,4,4,12
//71164323175,HASK Keratin Protein Smoothing Hair Oil 18ml,0,0,0,0
//9332402029619,MOR Narcissus Hand & Nail Cream 100ml,0,0,0,0
871760001084,Sun Bum Original SPF 50+ Sunscreen Spray 177ml,210,5.3,19,5.3
85600000315,Brauer Baby & Child Teething Oral Liquid 100ml,200,8,8,12
3616303424220,Adidas Ice Dive Aftershave 100ml,100,0,0,0
//9311262071648,Key Sun SIA Tinted Hair Wax 100ml - Red,0,0,0,0
//5202236113010,ERRE DUE Xcess 3D Mascara 01 Black,0,0,0,0
9313501071020,Hamilton Skin Therapy Gentle Wash 1L,1150,13,6,22
//3282770140927,Klorane Shampoo with Mango 100ml,200,0,0,0
//9321299301069,Cancer Council Sunscreen Everyday SPF50 1 Litre,1100,12.5,8,20.5
4005800273063,Elastoplast Waterproof XL 8X10cm 5 Pack,100,18,3,10
9310130191747,Otrivin Plus Nasal Spray 10ml,100,4,4,12
//9311262071617,Key Sun SIA Tinted Hair Wax 100ml - Green,0,0,0,0
856091001057,Cleanlogic Bath Gloves,100,14,2,22
//9300710003027,Euky Bear Tummy Ease Essential Oil Blend 15ml,0,0,0,0
//9312146010326,Thursday Plantation Macadamia Ultra Hydrating Daily Body Oil 125ml,155,4.3,15.5,4.3
9325024111527,12Reasons The Absolute Dry Shampoo 132g,132,8,8,15
//9420005376411,The Aromatherapy Co. Man Sandalwood & Sea Salt Shaving Cream 100ml,115,6,15,3.5
5018389023386,SO...? Unique Cashmere Body Mist 150ml,220,5,5,17
//9420005397812,The Aromatherapy Co. Therapy Range Luxe Hands Trio Gift Set,500,20,20,20
//3616303806033,Davidoff Cool Water Woman 100ml Eau De Toilette & 75ml Body Lotion & 75ml Shower Gel 100ml,300,15,8,15
9316542144715,Natio Aromatherapy Gentle Facial Cleansing Oil 125ml,250,6,6,18
/9316542137083,Natio Orange Sweet Essential Oil 10ml,100,4,4,12
9342320147685,Nude By Nature - Natural Mineral Cover Blemish Control W1 Light,100,0,0,0
//9420005398819,The Aromatherapy Co. Therapy Range Lavender & Clary Sage Refresh & Rehydrate Gift Set,0,0,0,0
/9325024111534,12Reasons The Absolute Finisher 150g,150,8,8,15
9300673870056,Otrivin Baby & Kids Saline Solution Nasal Spray 15ml,0,0,0,0
7618900964105,Mavala Nail Mini 410 Precious Lilac,100,3,3,7
9310130317284,Voltaren Osteo Gel 12 Hourly 150g,220,7,7,25
9333279040066,Flo Rapid Relief Nasal Spray 15ml,30,3.3,11,3.3
9420005402486,The Aromatherapy Co. Naturals Diffuser - Coconut & Passion Berry 120ml,400,8,8,20
9310263001630,Alpha Keri Super Hydrating Shower & Bath Oil 1 Ltr,650,11,3,20
3616303322021,Fragrance - Adidas Pure Game Eau de Toilette 100ml,100,0,0,0
4013718022598,Herbacin Foot Care Foot Cream 100ml,100,5,5,12
034533717005,Manicare Compact Mirror 71700,0,0,0,0
9310460121308,Lady Jayne Shell Side Comb 2130S Shell 4 Pack,0,0,0,0
/9329771000769,Prospan Chesty Cough Relief Syrup 100ml,0,0,0,0
//9310460110234,Lady Jayne Scrunchie Navy 17156,0,0,0,0
9321299102314,Cancer Council Kids Sunscreen SPF50+ 110ml,250,5,3,15
30095151,Essie Nail Polish - Mademoiselle 013,0,0,0,0
//9353740001907,Salt by Hendrix Oil Face Cleanser 195ml,0,0,0,0
//9338817030073,Glasshouse Fragrances Night Before Christmas Interior Fragrance 150mL,100,9,9,15.2
9316542147136,Natio Nail Colour - Kashi,100,4,4,10
//3282770107050,Klorane Conditioner Gel with Peony 150ml,181,7.8,17,4.3
7618900996014,Mavala Gel Finish Top Coat 10ml,100,3,3,10
034533351001,Manicare Flat Tweezers,100,10,2,12
//9319198000008,Natural Secrets Goats Milk Moisturising Hand Wash 300ml,0,0,0,0
/9421013061245,KiwiHerb Children's Organic Throat Syrup 100ml,150,3,7,12
736658964264,Wet Brush Epic Teasing Brush Silver,100,8,2,18
//9420005375919,The Aromatherapy Co. Soothe Peony & Petigrain Hand Cream 75ml,106,4.5,16,4.5
9316542137250,Natio Jojoba Carrier Oil 100ml,150,7.5,3.8,15.2
9323610018571,Dymista Allergy Nasal Spray 120 Dose,50,5,5,10
//9319598411015,Kenkay Sorbolene with 10% Vegetable Glycerin Jar 100ml,100,5,5,5
//9314057001554,Difflam Ready To Use Sore Throat Gargle & Mouth Solution 100mL,0,0,0,0
//9338817020197,Glasshouse Fragrances 21 Midnight In Milan Bon Bon,0,0,0,0
//9314807047733,Redwin Coconut Body Oil 125ml,0,0,0,0
//8588002203626,BOOS LABS Reparex For Grey Hair Women 125ml,0,0,0,0
9316542147167,Natio Nail Colour - Melon,100,4,4,10
9343482001075,Loving Tan Deluxe Bronzing Mousse Dark 120ml,350,5,5,18
//9329221223816,Manicare Glam Hydro Lash 81 Sara 22381,0,0,0,0
9312658501947,In Essence ie Sleep No Lavender Essential Oil Blend 10ml,120,5,5,12
7618900914018,Mavala Cuticle Cream 15ml,100,4,4,8
//716237185822,Giovanni 2chic Ultra-Revive 3-in-1 Hair Revival Treatment 51ml,0,0,0,0
//9321299102239,Cancer Council Sport Sunscreen SPF50+ 110ml,150,5,3,15
746092298092,Vrindavan Jamaican Black Castor Oil Refined 100ml,200,5,5,10
//9329221210731,Manicare maniPRO 2-in-1 Cuticle Pusher & File 21073,0,0,0,0
//9335955003655,A Bit Hippy Jojoba Oil Face Cleanser 100ml,135,4.5,4.5,12.5
71164029855,HASK Argan Oil Repairing Hair Oil 18ml,100,2,2,10
//9421017767112,Trilogy Vitamin C Energising Mist Toner 100ml,150,10,5,5
//854049002453,Acure Seriously Soothing Cleansing Cream 118ml,0,0,0,0
9313492988680,Oasis - Moda Stainless Steel Drink Bottle Alabaster 1L,100,0,0,0
9350299002409,Chemists' Own Children's Paracetamol Suspension 5-12 Years 100ml (S2),200,5,5,12.1
//9311262071655,Key Sun SIA Tinted Hair Wax 100ml - Yellow,0,0,0,0
//9336022015885,Ecoya White Musk & Warm Vanilla Celebration Fragranced Diffuser 200ml,0,0,0,0
9335955000005,MOOGOO Baby 2-in-1 Bubbly Wash 1L,750,7,10,18
//9338817020319,Glasshouse Fragrances 21 Gingerbread House Soy Candle 380g,600,0,0,0
9335955000357,MOOGOO Oil Cleansing Method  100ml,250,6,9,14
/5202236160090,ERRE DUE Bronzing Powder 301 Summer Glow,0,0,0,0
9338817027950,Glasshouse Fragrances Lost in Amalfi 150ml Interior Fragrance,400,8,8,12
9335955002986,MOOGOO Milk Wash Cleansers for Dry and Sensitive Skin 1 Litre,1000,12,12,25
//9338817020975,Circa Home 21 Liquidless Diffuser & Scent Stems Set,500,26,13,6
9329221223519,Manicare Glam 69 Ariana 22351,0,0,0,0
//9321582004868,Martin & Pleasance Rest & Quiet Sleep Formula Oral Drops 15ml,0,0,0,0
3282779042598,Avène Sunscreen Lotion SPF 50+ 100ml,130,5.5,15.7,4.3
//9349288141168,A'kin Rose & Australian Sandalwood Spray Deodorant 150ml,0,0,0,0
//9332519113348,Fairy Light Up House,200,0,0,0
//9338817017814,Glasshouse Fragrances Lost In Amalfi & Montego Bay Rhythm Hand Cream Duo Gift Set,400,0,0,0
/9312658062752,Le Tan Classic Tan Mousse Light to Medium 180ml,300,12,12,13.5
//9416114041999,Weleda Skin Food Nourish & Glow 2 Pack,300,0,0,0
//5060528320719,DW And On That Bombshell Bath Bomb Trio,200,0,0,0
7618900917514,Mavala Oil Seal Dryer 10ml,100,3,3,10
3616303321987,Fragrance - Adidas Dynamic Pulse EDT 100ml,100,0,0,0
9310460130867,Lady Jayne Stratton Balti Dress Comb 13086,0,0,0,0
/804589908029,Baxter Blue Deep Sleep Pillow Mist 100ml,150,3,3,8
//9420005397904,"The Aromatherapy Co. Kitchen Refresh Lemongrass, Lime & Bergamot Trio Gift Set",0,0,0,0
//19100269620,Jergens Ultra Healing+ Hand & Body Cream 100ml,0,0,0,0
5713795201761,BIBS Pacifier 2 Pack 0+ months Round Size 1 Dusky Lilac,200,0,0,0
8004395001149,Proraso Shaving Soap Jar 150ml,0,0,0,0
4001638088473,Weleda Regenerating Body Oil Pomegranate 100ml,200,10,3,5
//9338817017647,Circa Home Mimosa Mist Fragrance Diffuser 250ml,400,0,0,0
62781851349,Lacteeze Infant Drops 15ml,100,6,4,10
9314807022563,Sambucol Cold & Flu Syrup 120ml,300,7,7,12
//7618900911246,Mavala Nail Mini 124  Salzburg,100,3,3,7
9350299002416,Chemists' Own Paracetamol Pain & Fever 5-12 Yrs 200mL (S2),250,6.1,6,14.3
736658547986,Wet Brush Shimmering Sky Original Detangler-Magical Midnight Comb Brush  1 Pack,100,10,3.8,25
/5202236159544,ERRE DUE Silky Premium Lip Definer 510 Blood,0,0,0,0
7618900902015,Mavala 002 Protect Base Coat 10ml,100,3,3,10
5018389020217,Bespoke Sweet Spice & Sandalwood Eau De Parfum 100ml,350,7,7,16
9321582002178,Zen Sports Spray 125ml,250,5,5,17
//79625012934,EcoTools 1293 Seamless Stippling Brush,0,0,0,0
9316542143176,Natio 2-In-1 Cleverstick - Light,100,3,3,12
9311037504081,RID Sensitive Antiseptic Bite Protection Spray 100ml,135,9,5.2,15.2
//9310460170818,Lady Jayne Large Metallic Slides 17081 6 Pack,50,8,8,14
078462481576,Salon Perfect Sliick Ingrown Rescue Solution 118ml,130,7.5,11,15.2
9313492588699,Oasis - Moda Drink Bottle Pink Lemonade 1.5L,100,0,0,0
//9420005376275,"The Aromatherapy Co. Kitchen Lemongrass, Lime & Bergamot Linen & Room Spray 100ml",109,6,15,3.5
736658543216,Wet Brush Exfoliating Scalp Brush - Coral,250,12,12,12
7618900911628,Mavala Nail Mini 162 Rose Shell,100,3,3,7
/8850006948552,"Palmolive 3 in 1 Kids Bluey Shampoo, Conditioner and Body Wash 350mL",400,12,9,15.2
9334820000294,Licener Complete Solution Head Lice Treatment 100ml,100,5,5,10
9313492888683,Oasis - Modern Design Drink Bottle Black 1L,100,0,0,0
//9314807076900,"EASEaCOLD Kids Cough, Cold & Flu Relief 120ml",0,0,0,0
9325024018871,Salon Smart Creme Peroxide 10Vol (3%) 250ml,350,8,8,12
9321299800357,Cancer Council Sport Sunscreen SPF50+ 110ml New Formula,180,5,3,15
8004395111572,Marvis Spearmint Concentrated Mouthwash 120ml,250,12,12,17
9335955000890,MOOGOO Travel Pack,250,7,9,14
//9349228004997,Peppermint Grove Peppermint Grove The Garden Party Candle 350g,500,0,0,0
3282770144628,Klorane Scalp Protective Conditioner with Aquatic Mint 150ml,181,7.8,17,4.3
9316542147181,Natio Nail Colour - Midnight,100,4,4,10
/8850006948422,"Palmolive 3 in 1 Kids Bluey Shampoo, Conditioner and Body Wash 1 litre",1100,15,13.5,22
//9312658915430,Oil Garden Candy Cane Bauble,100,20,20,20
9338817012499,Glasshouse Fragrances Marseille Memoir Body Bar Gardenia 180g,300,12,5,10
//9321299300338,Cancer Council Moisturising Sunscreen SPF50 1Litre,100,12,9,20
//9310488023134,Centrum Kids Incremin Iron Mixture Cherry 100ml Oral Liquid,244,4,12,4
9300673917133,Panadol Children 5-12 Years Fever & Pain Relief Strawberry 100ml,150,5.5,3.5,11.5
9310460221305,Lady Jayne Side Comb 2130C Clear 4 Pack,0,0,0,0
300651510935,Systane Hydration Multi-Dose Preservative-Free Lubricant Eye Drops 10ml,100,0,0,0
/3800038712169,VICTORIA Beauty Hair Colour Shampoo - V10 Ebony Black,50,7,1,12
9300711281752,Optrex Eye Wash with Eye Bath 110ml,250,4,3,10
//9314807069728,Sambucol Adult Cough Liquid 120ml,0,0,0,0
3282770149432,Klorane Serum With Quinine and Organic Edelweiss 100ml,100,6,6,18
//9349288140550,A'kin Hydrating Mist Toner 150ml,0,0,0,0
//8588002203633,BOOS LABS Reparex For Grey Hair Beard 125ml,220,7,7,15
9310160824042,Claratyne Children's Hayfever & Allergy Relief Oral Liquid 150ml - Peach,350,10,10,18
9421903096821,Antipodes Divine Face Oil Rosehip & Avocado Oil 10ml,50,5.2,3.5,11.5
047144055299,Bausch + Lomb Boston Rewetting Drops 10ml,0,0,0,0
9421900569960,Antipodes Grace Gentle Cream Cleanser & Makeup Remover 120ml,120,5,5,13
//9300839026907,Innoxa Anti Ageing Triple Action Gel Wash 150ml,250,8,8,18
3616302780044,Fragrance - Beckham Aromatic Greens Eau De Parfum 100ml,100,0,0,0
5018389020736,SO...? Unique Sweet Pea Body Spray 150ml,220,5,4,12
/731509754322,KISS Tintation Semi-Permanent Colour Treatment T440 Pink Mania 148ml,300,6,6,18
9314839005688,Ego Azclear Action Foaming Wash 150ml,211,4,4,17.3
//9318329122244,A'kin Moisture Rich Lavender & Anthyllis Leave-In Conditioner 150ml,300,8,8,12
//9317222000291,EpZen Sleep Magnesium Body Lotion 100ml,0,0,0,0
9355449000045,Bunjie Rock-A-Bye Massage & Bath Oil 165ml,250,10,10,15
93369374,SM-33 Adult Formula Liquid 10ml,0,0,0,0
9329414733016,Sugar Baby Pores Be Pure Glow Tonic 100ml,0,0,0,0
5713795200450,BIBS Pacifier 2 Pack 0+ months Round Size 1 Blush,100,9,9,15.2
//9300711221826,Strepfen Intensive Throat Spray with Anti Inflammatory Action 15mL,30,7,4,10
//871760001077,Sun Bum Original SPF 30 Sunscreen Spray 177ml,250,10,9,15
//9310460171082,Lady Jayne Little Miss One-Touch Clips 4 Pack 17108,0,0,0,0
9329771000776,Prospan Children Chesty Cough Relief Syrup 100ml,0,0,0,0
9316542145149,Natio Restore Gentle Toning Facial Cleanser 100ml,150,7,7,17
9346710000598,Herbs of Gold Children's Probiotic 15 Billion 50g Oral Powder,120,18,13,6
//9338817029206,Glasshouse Night Before Christmas Fragrance Room Spray 150ml,250,10,10,20
//5015632081667,In The Garden Shea Butter Hand Cream 100ml,150,5,5,2
//5202236158622,ERRE DUE Blusher 102 Fairy Tale,0,0,0,0
//7618900705012,Mavala Mava-White 10ml,0,0,0,0
//9310460171624,Lady Jayne Salon Pro Beach Waves Styling Brush 17162,0,0,0,0
5018389008796,SO...? Kiss Me EDT Spray 15ml,100,5,4,8
3337875766326,La Roche Posay Cicaplast Hand Cream 100ml,150,10,3,3
9314807007232,Fabuluscious Intensive Growth 15ml,100,4,4,12
//9420005397959,"The Aromatherapy Co. Therapy Kitchen Mandarin, Mint & Basil Cleanse & Pamper Pack",0,0,0,0
5036631005874,Nizoral Anti-Dandruff Treatment Shampoo 1% 200ml,250,5,3,15
9323503027642,BIOGLAN Sleep Drops 100ml,140,4.7,4.7,6.5
//9421017766887,Trilogy Vitamin C Booster Treatment 12.5ml,150,10,6,6
//9311171000012,Disposable Gloves 10 Pack - Small,0,0,0,0
5018389027858,So? YOU Passion Night Body Mist 150ml,200,5.1,5.2,15.2
/9316542150938,Natio Kids Sniffle Snuffle Essential Oil Blend 15ml,100,0,0,0
9332402025871,MOR Marshmallow Eau De Parfum Perfumette 14.5ml,100,3,3,10
//9300710003034,Euky Bear Cuddle Calm Baby Essential Oil Blend 15ml,0,0,0,0
//731509754025,KISS Tintation Semi-Permanent Colour Treatment T002 Mystic Silver 148ml,80,0,0,0
//9400581045352,Nutra-Life Ester-C + Bioflavonoids 100 Tablets,179,5.5,11.3,5.5
30102583,Essie Nail Polish - Lady Like 101,0,0,0,0
/5202236159896,ERRE DUE Radiance Cream 401 Melting Queen,0,0,0,0
3337872414039,La Roche Posay Redermic R Anti-Ageing Eye Cream 15ml,100,5,5,10
9338475098422,ApoHealth Children's Paracetamol 6 - 12 Years 200ml,120,5.7,4,10.2
//810020173574,Bondi Sands Skin Firming Gradual Tanning Lotion 150ml,150,4,3,12
//9310130317307,Osteo Gel 2% 12 hourly 100g,0,0,0,0
9314807083441,KP24 Sensitive Lotion + Metal Comb 100ml,100,0,0,0
//9314839019814,Ego etch&ethos Body Wash Summer Citrus 1L,1300,12,4,15
9420005402509,The Aromatherapy Co. Naturals Diffuser - Rose Jasmine & Oud 120ml,400,8,8,20
20451871318,Medela Breastmilk Bottle with Wide Base Teat 150ml 3 Pack,150,12,9,15.2
9325024000920,12Reasons Argan Oil Hair Treatment Mask 250ml,450,12,12,8
9329414733009,Sugar Baby Wash & Glow Facial Cleanser 100ml,0,0,0,0
731275887132,Good Riddance Sensitive Insect Repellent 100ml,200,6,6,14
9335955002979,MOOGOO Cream Conditioner 1 Litre,400,7,10,18
9310460110289,Lady Jayne Fashion Slides 11028,0,0,0,0
5010934005267,Just For Men Control GX Regular Beard Wash 118ml,150,10,5,15
3401395376706,Bioderma Sensibio H2O 100ml,100,5,5,5
//7618900998018,Mavala Mava-Flex 10ml,0,0,0,0
7618900964174,Mavala Mini Nail Color 417 Bold Blue,100,3,3,7
//9323610014481,Gastrogel Antacid Liquid 150ml Bottle,200,6,3,9
//9421906120868,Antipodes Healthier Skin Heroes Gift Set,400,0,0,0
//7618900911253,Mavala Nail Mini 125 New Orleans,100,3,3,7
//9332402029541,MOR Marshmallow Perfumed Bouquet Trio,0,0,0,0
4001638088084,Weleda Wild Rose Deodorant 100ml,230,6,15,3.6
4005800246203,Elastoplast 47311 Plastic Strips 40 Pack,80,6.5,4,10.2
//9310460170191,Lady Jayne Metal Ponytail Cuff 17019,0,0,0,0
9316120195405,Brauer Kids Manuka Honey Dry Cough Oral Liquid 100ml,250,8,8,12
9329221222215,Manicare Glam 221 French Pink Short Square 22221,0,0,0,0
/9316542150921,Natio Kids Sweet Dreams Essential Oil Blend 15ml,100,0,0,0
9356419000423,Growth Bomb Hair Growth Treatment Serum 185ml,250,6,3.8,15
7618900990012,Mavala Mava-Strong Base Coat 10ml,100,3,3,10
//3282770073096,Avène Gentle Milk Cleanser 100ml,260,6,18,5
//9332402029534,MOR Buds & Blossoms Bath & Body Duo,0,0,0,0
9310263008417,Laxettes Senna Laxative Liquid 100ml,230,5,5,12
9338817012734,Glasshouse Fragrances Forever Florence Eau De Parfum Wild Peonies & Lily 14ml,100,2,2,12
//9325024111558,12Reasons The Absolute Curl Cream 300ml,400,8,8,15
3337875483377,La Roche Posay Redermic Vitamin C10 Anti-Ageing Moisturiser 30ml,50,4.75,15.97,3.55
//9300607562934,Ultra Sheer Face Mist SPF 50 100mL,110,3.85,3.9,14
//9332402016060,MOR Marshmallow Eau De Parfum 100ml,0,0,0,0
/731509753929,KISS Tintation Semi-Permanent Colour Treatment T740 Rose Gold 148ml,300,6,6,18
811068011002,Dr Teal's Foaming Bath Soothe & Sleep with Lavender 1ltr,1250,10,8,30
871760005532,Sun Bum Lip Balm Pink Pineapple SPF 15+,10,1.5,6.8,1.5
9329221230715,Makeup Remover Towels 4 Pack,150,12,5,18
9310460576122,Lady Jayne Paddle Brush,50,5.4,4.7,14
9314807008123,Fabuluscious Miracle Nail 15ml,100,4,4,12
/9355599000070,Alya Skin Pore Perfecting Elixir 180 ml,300,12,12,12
047144050560,Bausch + Lomb Boston Advance Conditioning Formula 120ml,180,4,4,14
5029354000868,Aloe Pura Organic Aloe Vera Gel 100ml,200,5.4,10,14
//9317222000598,EpZen Soothe Feet Magnesium Foot Tonic 125ml,0,0,0,0
//9300703058386,Le Tan Express Self Tanning Foam 110ml,160,5.7,9,13.5
9312426002942,Four Seasons Massage Oil 150ml,180,10,4,14
/9300607801828,TYLENOL Pain & Fever Relief For Babies 1 Month -2 Years Strawberry 200ml (Please Note: Expiry End March 2024),500,9,9,18
//9332519113355,Splosh Monster Animal Light Up House,200,20,20,20
9318637042807,Benzac Daily Facial Moisturiser 118ml,134,6,17,4
9312146011866,Thursday Plantation Tea Tree Exfoliating Face Scrub For Acne 100ml,114,6,15,4
7618900911208,Mavala Blue Nail Polish Remover 100ml,150,6,6,12
9300710001702,Bosistos Tea Tree Oil 100ml,100,5,5,8
9317408013923,Sally Hansen Strengthening Nail Polish Remover 150ml,190,8,4,14
//7618900911017,Mavala Nail Mini 101 Mandalay,60,3,4,7
/9355599000001,Alya Skin Pink Pearl Illuminating Eye Cream 15ml,100,8,8,8
4001638099943,Weleda Lavender Relaxing Body Oil 100ml,275,6,27,3.8
//9332402029572,MOR Petite Petals Floral Hand Cream Trio,0,0,0,0
/813389017275,Don Joy Comfort Diabetic Support Unisex Socks 15-20 White Large,150,8,3,20
3616303424244,Adidas Victory League After Shave 100ml,100,0,0,0
9300673917300,Panadol Children 5-12 Years Fever & Pain Relief Strawberry 200ml,250,5.5,3.5,11.5
9340404000475,HYLO-FRESH Preservative Free Lubricating Eye Drops 10ml,100,4,4,12
//9327693000324,Sukin Signature Hand and Nail Cream Pump 125ml,280,5,5,15
9310460103410,Lady Jayne Metallic Blush Textured Bobby Slides 10341,0,0,0,0
9338817012055,Glasshouse Fragrances Montego Bay Rhythm Hand Cream Coconut & Lime 100ml,200,5,5,15
9329224002357,Dermal Therapy Scalp Relief Shampoo & Conditioner 210ml,250,6.5,15.5,3
4001638099226,Weleda Arnica Massage Oil 100ml,275,6,15.5,3.8
9325024111503,12Reasons The Absolute Texturiser 145ml,145,8,8,15
//9314839001444,Ego QV Gentle Wash 1L,1100,18,10,25
//3282779384131,Klorane Hair Mask with Desert Date 150ml,221,8.4,67,8.4
//5012909007863,Avent Anti-Colic Teat Twin Pack 0m+,150,10,5,5
//3616303806026,Davidoff Cool Water Mens Eau De Toilette 125ML + Shower Gel & Aftershave Balm 75ml Set,300,15,8,15
//9316542142933,Natio Aromatherapy Natural Vitamin E Moisturising Cream 100ml,200,5,3,12
328785391022,Vicks Vaposteam Double Strength - 100mL,150,5.4,5.4,9
9356419000454,Growth Bomb Hair Growth Treatment Spray 185ml,250,5.1,3.8,15.24
9300711562837,Nurofen For Children 5-12yrs Pain and Fever Relief Orange 200ml,150,5,5,12
9313492907346,Oasis Stainless Steel Travel Tumbler Orchid 1.2 Litre,400,16,10,28
7611916124877,Weleda Birch Body Scrub 150ml,170,14,17,12
//9336022015892,Ecoya White Musk & Warm Vanilla Celebration Hand Cream 75ml,0,0,0,0
3616302780051,Fragrance - Beckham Refined Woods Eau De Parfum 100ml,100,0,0,0
9325024009473,Dateline Hair Fx Vtr17 63mm Hair Rollers,0,0,0,0
/9310059012000,Zyrtec Kids Allergy & Hayfever Oral Liquid Banana 200ml,480,8,8,20
9333279040097,Flo Kids Saline Spray 15ml,20,3.6,11,4
4005900975416,Nivea Q10 Power Targeted Wrinkle Filler 15ml,50,0,0,0
9329221231095,Manicare Microneedle Derma Roller,300,12,6,20
//9338661000369,Natural Instinct Pink Clay Cleanser 100ml,150,0,0,0
//9316542139117,Natio Eucalyptus Essential Oil Blend 10ml,100,0,0,0
86449252910,CRYSTAL Mineral Deodorant Spray Lavender & White Tea 118ml,0,0,0,0
9313492688689,Oasis - Moda Insulated Drink Bottle Periwinkle 1L,100,0,0,0
//9349228005123,Peppermint Grove Champagne & Red Raspberries Fragrance Diffuser 350ml,500,0,0,0
5036631005867,Nizoral 1% Anti-Dandruff Treatment 125ml,170,7,3,16
9314057016350,Demazin 12 Hour Nasal Decongestant Spray 20ml (S2),80,10,3,5
5018389020620,Bespoke Sweet Spice & Sandalwood Body Spray 150ml,130,5,5,20
9332402012116,MOR Marshmallow Hand & Nail Cream 125ml,250,8,8,15
//9349288141021,Shine-Free Facial Moisturiser 150ml,0,0,0,0
9300607563412,Neutrogena Ultra Gentle Daily Moisturiser Sensitive 100mL,150,9,9,15.2
//663595930529,WoodWick Warm Wool Candle - Large,800,0,0,0
5018389019464,SO...? Starlet Perfume Mist 140ml,200,4,4,18
//854049002064,Acure Brightening Facial Scrub 118ml,300,12,8,3
//9320870949478,The Big Bottle Stainless Steel 1.9L Black,0,0,0,0
736658563009,Wet Brush Original Detangler Hello Kitty Bubblegum Limited Edition,0,0,0,0
9337896001653,BioCeuticals Liposomal C  100mL Oral Liquid,200,4.6,4.6,11.2
//9313312070915,1000 Hour Hair Colour Stain Remover 35ml,100,5,5,10
//9338817020289,Glasshouse 21 Night Before Christmas Fragrance Diffuser 250ml,400,0,0,0
9312658657071,In Essence In Essence ie Sleep Essential Oil Blend 10ml,120,5,5,12
034533319001,Manicare Pedicure File 31900,0,0,0,0
4897004115689,Acuvue Revitalens Multi-Purpose Disinfecting Solution 100ml,250,12,5,12
7618900926202,Mavala Crystal Nail Polish Remover 100ml,150,6,6,12
/3800038712374,VICTORIA Beauty Hair Colour Shampoo - V61 Blonde,50,9,1,15
5012583210900,Schwarzkopf Got2b Glued 4 Brows & Edges 2-in-1 Gel 16ml,50,4,3,10
//9338817017845,Midnight In Milan Saffron & Rose Travel Set,0,0,0,0
034533618012,Manicare Acetone Free Nail Polish Remover 125ml 618A,0,0,0,0
//5202236119241,ERRE DUE Waterproof Eye Designer 114 Cobalt,0,0,0,0
9421902960598,a2 Platinum Premium Infant Formula Stage 1 900g,100,0,0,0
//9338661000352,Natural Instinct Radiance Mist 100ml,150,0,0,0
//71164342022,HASK Blue Chamomile & Argan Oil 5-in-1 Leave-in Spray 175ml,0,0,0,0
3401399372926,Bioderma Atoderm Gel Douche Scented 1 Litre,1000,8,5,20
9338817012000,Glasshouse Fragrances Lost In Amalfi Hand Cream Sea Mist 100ml,200,5,5,15
//9316542143107,Natio Aromatherapy Wrinkle Defence Cream 100ml,200,0,0,0
//9338817020326,Glasshouse Fragrances 21 Merry & Bright Soy Candle 380g,1000,20,20,20
//4103040032546,Sebamed Spa Shower Liquid Face & Body Wash 1L,1250,16,8,25
9316542146696,Natio Full Coverage Concealer - Medium,150,2,2,12
//9314839008795,Ego SunSense Moisturising Face SPF 50+ 100ml,0,0,0,0
9325024000982,12Reasons Keratin Shampoo 400ml,500,10,10,17
4005800059919,Elastoplast Spray Plaster Waterproof 32ml,100,18,3,10
4005900566768,NIVEA Q10 PWR PRT DAY CRM SPF30 SOML,50,0,0,0
/9311037500021,RID Antiseptic Insect Repellent Lotion Pump 100ml,180,4,4,12
//79625042061,"Real Techniques Brush, Blend Brow Kit",500,0,0,0
/9316542137182,Natio Happy Essential Oil Blend 10ml,100,4,4,12
9300673447210,Panadol Children's Elixir 5-12 Years 100mL (S2),150,5.5,3.5,11.5
/9420005376527,The Aromatherapy Co. Essential Oil Blend Pure Peppermint 20ml,62,3.5,8.5,3.5
9300607761290,Aveeno Daily Moisturising Body Wash 1 Litre,1200,12,12,17
//9420005375872,The Aromatherapy Co. Relax Lavender & Clary Sage Hand Cream 75ml,106,4.5,16,4.5
//9338817017791,Glasshouse Fragrances Ode To Women Soy Candle Cashmere & Wild Lavender 380g,500,0,0,0
//9317222000284,EpZen Relax Magnesium Body Lotion 100ml,0,0,0,0
//9324525010407,Rebirth Lanolin Oil With Vitamin E & EPO 125ml,0,0,0,0
//9316542148812,Natio Makeup Setting Spray 125ml,200,5.4,7,10
3337875791885,La Roche Posay Niacinamide 10 Serum 30ml,95.5,5.5,11,3.55
4005800012631,Elastoplast Pre-Taping Underwrap 50mm x 10m,100,18,3,10
5018389020200,Bespoke Fresh Citrus & Vetiver Eau De Parfum 100ml,350,7,7,16
7618900901018,Mavala Mavaderma 10ml,100,3,3,10
//8716569033091,Re-Cycle-Me Cars & Planes Craft Projects,0,0,0,0
9310460170221,Lady Jayne Style Guards Spirals 17022CL Clear,0,0,0,0
4001638579926,Weleda Regenerating Body Butter Pomegranate 150ml,250,9,9,15.2
9328727006817,Bioceuticals CoQ10 Lingual 150mg 30 Tablets,100,0,0,0
7502273994848,Microdacyn Wound Care Solution Spray 120ml,200,3,7,10
813389017220,Don Joy Comfort Diabetic Support Unisex Socks 15-20 Black Medium,150,8,3,20
9420005402523,The Aromatherapy Co. Naturals Diffuser - Neroli & Amber Wood 120ml,400,8,8,20
//9329221221867,Manicare Glam 21 Jessica 2 Pack 22186,0,0,0,0
5713795210015,BIBS Glow Pacifier 2 Pack Round Size 1 Dark Blush and Vanilla,200,9,9,15.2
//9336022015861,Ecoya White Musk & Warm Vanilla Mini Celebration Candle 80g,200,10,10,10
9350299002386,Chemists' Own Children's Paracetamol 1-5 Years 100ml (S2),200,5,5,12.1
/8720387426324,Skin Republic Matrixyl 3000 10% Serum 30ml,0,0,0,0
/649191001467,Kolorex Vaginal Care Wash 100ml,100,8,8,15
/9310460110302,Lady Jayne Scalp Brush 11030,0,0,0,0
/9310263001661,Alpha Keri Super Hydrating Body Cleanser 1 Ltr,650,11,3,20
9300607563016,Neutrogena Oil-Free Pink Grapefruit Scrub 125mL,142,7.7,4.7,14
9343482000214,Loving Tan Purest Tanning Lotion Dark 100mL  Medium to Dark Skin Tones,150,9,9,15.2
9325024001026,12Reasons Keratin Hair Serum 100ml,200,5,5,10
//9420005397577,The Aromatherapy Co. Limited Edition Candle Xmas Pud Candle 350g,500,20,20,20
//8711661004345,Herome Nail Hardener Strong 10ml,100,4,4,16
8711661004277,Herome Nail Hardener Extra Strong 10ml,150,4,4,12
9356419000485,Growth Bomb Scalp Rescue Tonic 100ml,200,10,10,14
//9327842008409,Herbanica Femulate (LADY’S MANTLE),0,0,0,0
//9348082010021,Every Bit Organic Aloe Vera Gel 100ml,128,3.5,13,3.5
//9415293234291,Wild Ferns Manuka Honey Replenishing Day Crème 100ml,1000,0,0,0
9318637042791,Benzac Daily Facial Foam Cleanser 130ml,184,5,16,5
5060104170578,YES WB Water Based Personal Lubricant 100ml,180,5,5,16
9316542146702,Natio Full Coverage Concealer - Dark Medium,150,2,2,12
5413895044311,GenTeal Eye Drops 10ml,100,3,3,10
/9316542137144,Natio Energy Essential Oil Blend 10ml,100,4,4,12
074170450958,Sally Hansen Diamond Strength Hardener 13.3ml,150,5,5,10
//9316754102275,Plunkett's SuperLift Collagen Eye Lift 15ml,33,4.3,12.3,4.1
4005900566782,NIVEA Q10 PWR NIGHT GRM SOML,50,0,0,0
7618900964198,Mavala Prismatic 419 Nordic Light,0,0,0,0
//8716569033107,Re-Cycle-Me Jewellery Studio Craft Projects,0,0,0,0
/9330130010046,\DERMAVEEN DN SOAP/FR  WASH 1LTR,50,0,0,0
//4005800004087,Elastoplast Antibacterial Sensitive Plaster/Size,0,0,0,0
3337875647786,La Roche Posay Thermal Spring Water Mist/Size,132,4.5,15.2,4.5
//9420060201369,Haakaa Generation 3 Silicone Baby Bottle 160ml/Colour,0,30,15,20
9319629011559,Revitanail Intensive Strength/S[Size],0,4,4,15
9314807057251,Invite E Vitamin E Oil Tube/Size,0,0,0,0
//9311400195328,Maseur Gentle Massage Sandal Beige (7 sizes)/Size,800,11,8,31
//51131200500,FUTURO Custom Fit Stabilizing Wrist Brace/S[Size],0,0,0,0
3282770208689,Klorane Tinted Dry Shampoo with Nettle/Size,0,4.5,17.3,4.5
//9311400195243,Maseur Invigorating Massage Sandal Black (7 sizes)/Size,500,11,8,31
3337872412875,La Roche Posay Uvidea BB Cream 30ml/Colour,49,3.6,13,2.8
9336628000018,Piksters  10 Pack (Variant Sizes)/Size,0,0,0,0
19100110625,Jergens Natural Glow Daily Moisturiser 221ml/Shade,0,0,0,0
//9311400195397,Maseur Gentle Massage Sandal Black (7 sizes)/Size,800,10,35,10
//9311400195182,Maseur Invigorating Massage Sandal Beige (7 sizes)/Size,500,11,8,31
51131200753,FUTURO Comfort Knee with Stabilizers (3 Sizes)/S[Size],0,0,0,0
3282770200898,Klorane Dry Shampoo with Oat Milk/Size,0,4.5,17.3,4.5
//9310160824424,Iberogast Digestive Relief Herbal Liquid/Size,200,5,12.2,5
9421903711878,Haakaa Silicone Breast Pump with Suction Base/Size,0,30,15,20
9312146007562,Thursday Plantation Lavender Oil Calming Multipurpose Liquid/S[Size],111,3.7,9.8,3.7
//8806194030562,Tonymoly Vital Vita 12 Ampoule/Type,0,0,0,0
/9332402024577,MOR Marshmallow Hand & Body Milk/Size,0,4,3,10
9312146007463,Thursday Plantation Tea Tree Oil/Size,0,5.4,9.6,3
5036631005898,Nizoral Anti-Dandruff Treatment Shampoo 2%/Size,150,15,7,5
//51131200494,FUTURO Custom Fit Stabilizing Wrist Brace/S[Size],0,0,0,0
//9420060201352,Haakaa Generation 3 Silicone Baby Bottle 160ml/Colour,0,30,15,20
//72239306215,Dr Browns Options Narrow Neck Anti-Colic Baby Bottle with Level 1 Teat/Size,120,8,3,15
//3282770106596,Klorane Shampoo with Mango Butter/Size,0,8.2,11.5,3.6
9332402024584,MOR Marshmallow Hand & Body Wash/Size,200,6,6,15
//8806194030043,Tonymoly Vital Vita 12 Ampoule/Type,0,0,0,0
9312146010401,Thursday Plantation Tea Tree Oil/Size,0,4.3,11.4,4.3
19100118386,Jergens Natural Glow +Firming Daily Moisturiser 221ml/Shade,0,0,0,0
9312146006039,Thursday Plantation Lavender Oil Calming Multipurpose Liquid/S[Size],66,2.9,8.2,2.9
5036631005881,Nizoral Anti-Dandruff Treatment Shampoo 2%/Size,150,15,7,5
//9311400195380,Maseur Gentle Massage Sandal Black (7 sizes)/Size,800,10,35,10
3282770208702,Klorane Dry Shampoo with Nettle/Size,0,4.5,17.3,4.5
9328124000036,Zen Herbal Liniment/Size,0,5.2,10.1,5.2
//9311400195250,Maseur Invigorating Massage Sandal Black (7 sizes)/Size,500,11,8,31
19100068087,Jergens Natural Glow Daily Moisturiser 221ml/Shade,0,0,0,0
9421903711809,Haakaa Silicone Breast Pump with Suction Base/Size,0,30,15,20
9319359310144,In Essence Jojoba Oil/Quantity,0,0,0,0
//72239306154,Dr Browns Options Narrow Neck Anti-Colic Baby Bottle with Level 1 Teat/Size,120,8,3,15
51131200739,FUTURO Comfort Knee with Stabilizers (3 Sizes)/S[Size],0,0,0,0
9336628000117,Piksters 40 Pack (Variant Sizes)/Size,0,0,0,0
3282770200850,Klorane Tinted Dry Shampoo with Oat Milk/Size,0,4.5,17.3,4.5
9329224000919,Dermal Therapy Sensitive Skin Wash/Size,1200,12,23,8
//8806194018850,Tonymoly Vital Vita 12 Ampoule/Type,0,0,0,0
//889013,Thursday Plantation Tea Tree Oil/Size,0,0,0,0
//9336628002180,Piksters Kink Piksters 8 Pack (Variant Sizes)/Size,0,0,0,0
93469852,Plunkett's NS 8 Heel Balm Complex/Size,166,16.5,12,5.1
//3282779069519,Avène Cicalfate Restorative Skin Cream/Size,130,5,18,3.7
/9420060203332,Haakaa Generation 3 Breast Pump and Baby Bottle Top Set 160ml Grey/Nude/Colour,500,30,15,20
//8806194018874,Tonymoly Vital Vita 12 Ampoule/Type,0,0,0,0
9319598411022,Kenkay Sorbolene with 10% Vegetable Glycerin/Quantity,0,0,0,0
