sku,name,on_web,soh_web,price,petrie,bunda,con,franklin,web,total,is_deleted_minfos,is_deleted,is_visible,is_retired,num_tiggles,bcid
28399094844,PUSHEEN - STORMY PLUSH 17CM,FALSE,0,39.95,0,0,0,0,0,0,FALSE,FALSE,FALSE,FALSE,0,
45544953023,PUSHEEN - MUG MAGICAL,FALSE,0,24.95,0,0,0,0,0,0,FALSE,FALSE,FALSE,FALSE,0,
5060613314449,PUSHEEN - MYSTERY MINIS SERIES 2,FALSE,0,15.95,0,0,0,0,0,0,FALSE,FALSE,FALSE,FALSE,0,
28399139217,PUSHEEN - RAMEN BOWL,FALSE,0,39.95,0,0,0,0,0,0,FALSE,FALSE,FALSE,FALSE,0,
28399139200,PUSHEEN - MUG & SPOON,FALSE,0,49.95,0,0,0,0,0,0,FALSE,FALSE,FALSE,FALSE,0,
28399111718,PUSHEEN - BLIND BOX SERIES 7,FALSE,0,17.95,0,0,0,0,0,0,FALSE,FALSE,FALSE,FALSE,0,
5055918640461,PUSHEEN - PUFFY STICKERS SHEET,FALSE,0,3.95,0,0,0,0,0,0,FALSE,FALSE,FALSE,FALSE,0,
778988421611,PUSHEEN - PUSHEENICORN MAGIC LIGHTS,FALSE,0,79.95,0,0,0,0,0,0,FALSE,FALSE,FALSE,FALSE,0,
778988508602,PUSHEEN - SURPRISE FRUIT SERIES,FALSE,0,24.95,45,0,0,0,0,45,FALSE,FALSE,FALSE,FALSE,0,
45544950237,\XMAS18 - PUSHEEN ORNAMENT PASTEL PRPL,FALSE,0,19.95,0,0,0,0,0,0,TRUE,FALSE,FALSE,FALSE,0,
778988422397,PUSHEEN - MAGICAL SWIRL,FALSE,0,49.95,1,0,0,0,0,1,FALSE,FALSE,FALSE,FALSE,0,
5055918644438,PUSHEEN - SD STATIONERY SET,FALSE,0,14.95,0,0,0,0,0,0,FALSE,FALSE,FALSE,FALSE,0,
5055918654444,PUSHEEN - STATIONERY SET TIE DYE,FALSE,0,22.95,0,0,0,0,0,0,FALSE,FALSE,FALSE,FALSE,0,
45544954433,\EASTER19 PUSHEEN TIN EGG ORMNT FLY AWAY,FALSE,0,7.95,0,0,0,0,0,0,TRUE,FALSE,FALSE,FALSE,0,
5055918644391,PUSHEEN - SD NOTEBOOK A5 STICKER,FALSE,0,11.95,0,0,0,0,0,0,FALSE,FALSE,FALSE,FALSE,0,
28399111695,PUSHEEN - NARWHAL,FALSE,0,44.95,0,0,0,0,0,0,FALSE,FALSE,FALSE,FALSE,0,
28399109050,PUSHEEN - COIN PURSE,FALSE,0,29.95,0,0,0,0,0,0,FALSE,FALSE,FALSE,FALSE,0,
28399111824,PUSHEEN - PUSHEEN W/SLOTH,FALSE,0,59.95,0,0,0,0,0,0,FALSE,FALSE,FALSE,FALSE,0,
778988474969,PUSHEEN - GUDETAMA DELUXE PLSH EGG/S 23C,FALSE,0,34.95,0,0,0,0,0,0,FALSE,FALSE,FALSE,FALSE,0,
5055071770302,PUSHEEN - NAIL FILE,FALSE,0,2.95,4,0,0,0,0,4,FALSE,FALSE,FALSE,FALSE,0,
28399122240,PUSHEEN - SQUISHEEN LOG 28CM,FALSE,0,54.95,0,0,0,0,0,0,FALSE,FALSE,FALSE,FALSE,0,
28399121632,PUSHEEN - DRAGONSHEEN 23CM,FALSE,0,49.95,0,0,0,0,0,0,FALSE,FALSE,FALSE,FALSE,0,
28399122233,PUSHEEN - SQUISHEEN LOG 15CM,FALSE,0,22.95,0,0,0,0,0,0,FALSE,FALSE,FALSE,FALSE,0,
778988485620,PUSHEEN - DONUT SQUISHY,FALSE,0,29.95,0,0,0,0,0,0,FALSE,FALSE,FALSE,FALSE,0,
5055918643868,PUSHEEN - WILD SIDE HAIR BRUSH,FALSE,0,19.95,0,0,0,0,0,0,FALSE,FALSE,FALSE,FALSE,0,
5055918654062,PUSHEEN - JOURNAL,FALSE,0,14.95,0,0,0,0,0,0,FALSE,FALSE,FALSE,FALSE,0,
28399101610,PUSHEEN - BACKPACK CLIP MERMAID 11.5CM,FALSE,0,19.95,0,0,0,0,0,0,FALSE,FALSE,FALSE,FALSE,0,
5060491773864,PUSHEEN - SOCK IN A MUG MERMAID,FALSE,0,34.95,0,0,0,0,0,0,FALSE,FALSE,FALSE,FALSE,0,
28399108077,\XMAS18 - PUSHEEN CANY CANE SANTA HAT,FALSE,0,44.95,0,0,0,0,0,0,TRUE,FALSE,FALSE,FALSE,0,
28399108114,PUSHEEN - PUSHEENICORN SOUND PINK,FALSE,0,29.95,0,0,0,0,0,0,FALSE,FALSE,FALSE,FALSE,0,
28399089253,PUSHEEN - BACKPACK CLIP PUSHEENOSAURUS,FALSE,0,19.95,0,0,0,0,0,0,FALSE,FALSE,FALSE,FALSE,0,
5055918643677,PUSHEEN - WILD SIDE TRVL MUG PLSTIC,FALSE,0,14.95,0,0,0,0,0,0,FALSE,FALSE,FALSE,FALSE,0,
5055918649136,PUSHEEN STATIONRY SET CUTE&FIERCE,FALSE,0,34.95,0,0,0,0,0,0,FALSE,FALSE,FALSE,FALSE,0,
5055918643639,PUSHEEN - WILD SIDE NOTE BOOK A5,FALSE,0,19.95,0,0,0,0,0,0,FALSE,FALSE,FALSE,FALSE,0,
45544950220,\XMAS18 - PUSHEEN ORNAMENT MEOWY XMAS,FALSE,0,19.95,0,0,0,0,0,0,TRUE,FALSE,FALSE,FALSE,0,
5055918655793,PUSHEEN - PATISSERIE MINI BACKPACK,FALSE,0,19.95,0,0,0,0,0,0,FALSE,FALSE,FALSE,FALSE,0,
28399097289,PUSHEEN - BLIND BOX SERIES 3,FALSE,0,17.95,0,0,0,0,0,0,FALSE,FALSE,FALSE,FALSE,0,
45544945981,PUSHEEN - WATERDAZZLER GLOBE,FALSE,0,49.95,0,0,0,0,0,0,FALSE,FALSE,FALSE,FALSE,0,
28399107957,\XMAS18 - PUSHEEN STOCKING ORNAMENT,FALSE,0,19.95,0,0,0,0,0,0,TRUE,FALSE,FALSE,FALSE,0,
28399101719,PUSHEEN - MERMAID SPIRAL SHELL 18CM,FALSE,0,24.95,0,0,0,0,0,0,FALSE,FALSE,FALSE,FALSE,0,
5055918621316,PUSHEEN - NOTEBOOK A5,FALSE,0,9.95,0,0,0,0,0,0,FALSE,FALSE,FALSE,FALSE,0,
778988434048,PUSHEEN - SIPS SBRRY MILK,FALSE,0,39.95,0,0,0,0,0,0,FALSE,FALSE,FALSE,FALSE,0,
45544971683,\XMAS18 - PUSHEEN ORNAMENT MERMAID,FALSE,0,19.95,0,0,0,0,0,0,TRUE,FALSE,FALSE,FALSE,0,
778988475171,PUSHEEN - SUPER PUSHEENUNICORN STANDING,FALSE,0,64.95,0,0,0,0,0,0,FALSE,FALSE,FALSE,FALSE,0,
28399092031,PUSHEEN - VALENTINES CUPID,FALSE,0,24.95,0,0,0,0,0,0,FALSE,FALSE,FALSE,FALSE,0,
5055918655779,PUSHEEN - PATISSERIE PLUSH PENCIL CASE,FALSE,0,24.95,0,0,0,0,0,0,FALSE,FALSE,FALSE,FALSE,0,
5055918613205,PUSHEEN - KEYRING,FALSE,0,9.95,0,0,0,0,0,0,FALSE,FALSE,FALSE,FALSE,0,
778988458389,PUSHEEN - TOE BEANS 28CM,FALSE,0,64.95,0,0,0,0,0,0,FALSE,FALSE,FALSE,FALSE,0,
778988475102,PUSHEEN - BLIND BOX SERIES 10,FALSE,0,17.95,0,0,0,0,0,0,FALSE,FALSE,FALSE,FALSE,0,
5060491770672,PUSHEEN - SNACK BOX 4PC,FALSE,0,26.95,0,0,0,0,0,0,FALSE,FALSE,FALSE,FALSE,0,
45544958363,PUSHEEN - MUG DONUT,FALSE,0,24.95,0,0,0,0,0,0,FALSE,FALSE,FALSE,FALSE,0,
45544953122,PUSHEEN - RICE BOWL W/CHOPSTICKS,FALSE,0,34.95,0,0,0,0,0,0,FALSE,FALSE,FALSE,FALSE,0,
5055918650484,PUSHEEN DESSERT MINI BACKPACK KEYRING,FALSE,0,24.95,0,0,0,0,0,0,FALSE,FALSE,FALSE,FALSE,0,
28399086757,PUSHEEN - BLIND BOX SERIES 1,FALSE,0,17.95,0,0,0,0,0,0,FALSE,FALSE,FALSE,FALSE,0,
28399101696,PUSHEEN - MERMAID STAR 18CM,FALSE,0,24.95,0,0,0,0,0,0,FALSE,FALSE,FALSE,FALSE,0,
28399121618,PUSHEEN - BACKPACK CLIP PIP,FALSE,0,19.95,0,0,0,0,0,0,FALSE,FALSE,FALSE,FALSE,0,
778988318133,PUSHEEN - PUSHEENICORN DONUT 24CM,FALSE,0,59.95,0,0,0,0,0,0,FALSE,FALSE,FALSE,FALSE,0,
45544958400,PUSHEEN - SNACK BOWL ICE CREAM,FALSE,0,29.95,0,0,0,0,0,0,FALSE,FALSE,FALSE,FALSE,0,
778988480274,PUSHEEN - SQUISHEEN BLUE SITTING POSE,FALSE,0,34.95,0,0,0,0,0,0,FALSE,FALSE,FALSE,FALSE,0,
5055918640409,PUSHEEN - BALLPEN 2D TOP POMPOM,FALSE,0,6.95,0,0,0,0,0,0,FALSE,FALSE,FALSE,FALSE,0,
45544971706,\XMAS18 - PUSHEEN ORNAMENT REINDEER,FALSE,0,19.95,0,0,0,0,0,0,TRUE,FALSE,FALSE,FALSE,0,
28399319961,PUSHEEN - FACET,FALSE,0,34.95,0,0,0,0,0,0,FALSE,FALSE,FALSE,FALSE,0,
5055918613281,PUSHEEN - TRAVEL SET,FALSE,0,29.95,0,0,0,0,0,0,FALSE,FALSE,FALSE,FALSE,0,
28399073856,PUSHEEN - PLUSH PASTEL PRPL SM,FALSE,0,22.95,0,0,0,0,0,0,FALSE,FALSE,FALSE,FALSE,0,
5055918626168,PUSHEEN - MONEY BOX,FALSE,0,22.95,0,0,0,0,0,0,FALSE,FALSE,FALSE,FALSE,0,
28399114146,PUSHEEN - BACKPACK CLIP DLX FANCY UNICRN,FALSE,0,34.95,0,0,0,0,0,0,FALSE,FALSE,FALSE,FALSE,0,
45544953351,PUSHEEN - TEAPOT TEA REX,FALSE,0,49.95,0,0,0,0,0,0,FALSE,FALSE,FALSE,FALSE,0,
5055918640478,PUSHEEN - DESK PAD THINGS TO DO,FALSE,0,9.95,0,0,0,0,0,0,FALSE,FALSE,FALSE,FALSE,0,
5055918656240,PUSHEEN - FRIENDSHIP SET,FALSE,0,14.95,1,0,0,0,0,1,FALSE,FALSE,FALSE,FALSE,0,
5055918650729,PUSHEEN DESSERT MACARON ZIP PURSE,FALSE,0,14.95,0,0,0,0,0,0,FALSE,FALSE,FALSE,FALSE,0,
28399108015,PUSHEEN - BACKPACK CLIP PIZZA,FALSE,0,19.95,0,0,0,0,0,0,FALSE,FALSE,FALSE,FALSE,0,
28399121519,PUSHEEN - HEADBAND,FALSE,0,19.95,0,0,0,0,0,0,FALSE,FALSE,FALSE,FALSE,0,
5055071777608,PUSHEEN - MATCHBOOK NAIL FILES,FALSE,0,1.95,0,0,0,0,0,0,FALSE,FALSE,FALSE,FALSE,0,
5055918649129,PUSHEEN - PEN CUTE & FIERCE,FALSE,0,7.95,0,0,0,0,0,0,FALSE,FALSE,FALSE,FALSE,0,
778988475010,PUSHEEN - SQUISHEEN PINK,FALSE,0,64.95,0,0,0,0,0,0,FALSE,FALSE,FALSE,FALSE,0,
5055918659401,PUSHEEN - ICE CREAM PEN SET,TRUE,1,22.95,0,0,0,1,1,1,FALSE,FALSE,TRUE,FALSE,0,13106
5060491777114,PUSHEEN - MYSTERY MINIS SERIES 1,FALSE,0,15.95,0,0,0,0,0,0,FALSE,FALSE,FALSE,FALSE,0,
5055918656233,PUSHEEN - PEN BALL POMPOM,FALSE,0,5.95,1,0,0,0,0,1,FALSE,FALSE,FALSE,FALSE,0,
28399121250,\XMAS19 PUSHEEN CHRISTMAS R/DEER GUDEAMA,FALSE,0,19.95,0,0,0,0,0,0,TRUE,FALSE,FALSE,FALSE,0,
778988475096,PUSHEEN - SCREEN CLEANER,FALSE,0,24.95,0,0,0,0,0,0,FALSE,FALSE,FALSE,FALSE,0,
5055918650286,PUSHEEN - PENCIL CASE PLUSH,FALSE,0,17.95,0,0,0,0,0,0,FALSE,FALSE,FALSE,FALSE,0,
5055918644490,PUSHEEN - SD MUG NAP TIME,FALSE,0,17.95,0,0,0,0,0,0,FALSE,FALSE,FALSE,FALSE,0,
5055918654475,PUSHEEN - PENCIL CASE TIE DYE PVC,FALSE,0,19.95,0,0,0,0,0,0,FALSE,FALSE,FALSE,FALSE,0,
28399109487,PUSHEEN - PIP LITTLE BROTHER,FALSE,0,39.95,0,0,0,0,0,0,FALSE,FALSE,FALSE,FALSE,0,
45544950213,\XMAS18 - PUSHEEN ORNAMENT MAG UNICORN,FALSE,0,19.95,0,0,0,0,0,0,TRUE,FALSE,FALSE,FALSE,0,
28399121670,PUSHEEN - WINTER PIP 12.5CM,FALSE,0,24.95,0,0,0,0,0,0,FALSE,FALSE,FALSE,FALSE,0,
45544954488,\EASTER19 PUSHEEN TIN EGG ORMNT RAINY DA,FALSE,0,7.95,0,0,0,0,0,0,TRUE,FALSE,FALSE,FALSE,0,
28399111800,PUSHEEN - HALLOWEEN WITCH SML,FALSE,0,34.95,0,0,0,0,0,0,FALSE,FALSE,FALSE,FALSE,0,
45544935708,\XMAS18 - PUSHEEN WATERDAZZLER GLOBE,FALSE,0,44.95,0,0,0,0,0,0,TRUE,FALSE,FALSE,FALSE,0,
28399121694,PUSHEEN - WINTER SLOTH 20CM,FALSE,0,36.95,0,0,0,0,0,0,FALSE,FALSE,FALSE,FALSE,0,
778988317945,EASTER23 PUSHEEN CHOC BUNNY,FALSE,0,49.95,1,0,0,0,0,1,FALSE,FALSE,FALSE,FALSE,0,
28399073986,PUSHEEN - BACKPACK CLIP SUNGLASSES,FALSE,0,19.95,0,0,0,0,0,0,FALSE,FALSE,FALSE,FALSE,0,
778988434222,PUSHEEN - SIPS CHOC MILK,FALSE,0,39.95,0,0,0,0,0,0,FALSE,FALSE,FALSE,FALSE,0,
28399107872,PUSHEEN - BACKPACK CLIP PUSHEEN STORMY,FALSE,0,22.95,0,0,0,0,0,0,FALSE,FALSE,FALSE,FALSE,0,
5055918656295,PUSHEEN - BEAKER & STRAW,FALSE,0,19.95,0,0,0,0,0,0,FALSE,FALSE,FALSE,FALSE,0,
28399121656,PUSHEEN - WINTER SWEATER 23CM,FALSE,0,54.95,0,0,0,0,0,0,FALSE,FALSE,FALSE,FALSE,0,
28399073863,PUSHEEN - PASTEL PLUSH MINT SM 15CM,FALSE,0,22.95,0,0,0,0,0,0,FALSE,FALSE,FALSE,FALSE,0,
28399097128,PUSHEEN - BAKING COLLECTOR SET,FALSE,0,49.95,0,0,0,0,0,0,FALSE,FALSE,FALSE,FALSE,0,
45544954464,\EASTER19 PUSHEEN TIN EGG ORMNT BOUQUET,FALSE,0,7.95,0,0,0,0,0,0,TRUE,FALSE,FALSE,FALSE,0,
5055918640454,PUSHEEN - STATIONERY SET,FALSE,0,14.95,0,0,0,0,0,0,FALSE,FALSE,FALSE,FALSE,0,
28399094967,PUSHEEN - PLUSH POTATO CHIPS 24CM,FALSE,0,49.95,0,0,0,0,0,0,FALSE,FALSE,FALSE,FALSE,0,
778988475058,PUSHEEN - ON COUCH BOXED SET,FALSE,0,66.95,0,0,0,0,0,0,FALSE,FALSE,FALSE,FALSE,0,
5055918644407,PUSHEEN - SD NOTEBOOK SQ SML,FALSE,0,9.95,0,0,0,0,0,0,FALSE,FALSE,FALSE,FALSE,0,
45544954440,\EASTER19 PUSHEEN TIN EGG ORMNT BUNNY,FALSE,0,7.95,0,0,0,0,0,0,TRUE,FALSE,FALSE,FALSE,0,
45544924801,\XMAS19 PUSHEEN ORNAMENT DETECTIVE,FALSE,0,19.95,0,0,0,0,0,0,TRUE,FALSE,FALSE,FALSE,0,
778988421659,PUSHEEN - SQUISHEEN DREAMY PUSHEENICORN,FALSE,0,49.95,0,0,0,0,0,0,FALSE,FALSE,FALSE,FALSE,0,
28399107964,PUSHEEN - PUSHEENICORN SLIPPERS,FALSE,0,59.95,0,0,0,0,0,0,FALSE,FALSE,FALSE,FALSE,0,
28399106028,PUSHEEN - INTERACTV SUPER PUSHEENICORN,FALSE,0,79.95,0,0,0,0,0,0,FALSE,FALSE,FALSE,FALSE,0,
5055918650477,PUSHEEN DESSERT EYE MASK,FALSE,0,14.95,0,0,0,0,0,0,FALSE,FALSE,FALSE,FALSE,0,
28399073825,PUSHEEN - WITH DONUT 24CM,FALSE,0,44.95,0,0,0,0,0,0,FALSE,FALSE,FALSE,FALSE,0,
28399082308,PUSHEEN - BIRTHDAY 26.5CM,FALSE,0,49.95,0,0,0,0,0,0,FALSE,FALSE,FALSE,FALSE,0,
5055071770180,PUSHEEN - COMPACT MIRROR ASST,FALSE,0,6.95,0,0,0,0,0,0,FALSE,FALSE,FALSE,FALSE,0,
778988395998,PUSHEEN - SQUISHEEN CINNAMON ROLL 24CM,FALSE,0,64.95,0,0,0,0,0,0,FALSE,FALSE,FALSE,FALSE,0,
778988475119,PUSHEEN - SUPER PUSHEENUNICORN SQUEEZE,FALSE,0,66.95,0,0,0,0,0,0,FALSE,FALSE,FALSE,FALSE,0,
5055918626106,PUSHEEN - BACKPACK PLUSH,FALSE,0,39.95,0,0,0,0,0,0,FALSE,FALSE,FALSE,FALSE,0,
28399094837,PUSHEEN - STORMY PLUSH SML 11CM,FALSE,0,19.95,0,0,0,0,0,0,FALSE,FALSE,FALSE,FALSE,0,
778988485644,PUSHEEN - ROLL CAKE SQUISHY,FALSE,0,29.95,0,0,0,0,0,0,FALSE,FALSE,FALSE,FALSE,0,
778988414040,PUSHEEN - PUSHEENICORN SUPER SITTING,FALSE,0,34.95,0,0,0,0,0,0,FALSE,FALSE,FALSE,FALSE,0,
28399121663,PUSHEEN - BLIND BOX SERIES 11 - WINTER W,FALSE,0,17.95,0,0,0,0,0,0,FALSE,FALSE,FALSE,FALSE,0,
45544953139,PUSHEEN - SNACK BOWL,FALSE,0,29.95,0,0,0,0,0,0,FALSE,FALSE,FALSE,FALSE,0,
5055918658534,PUSHEEN - SIPS STATIONERY FILLED POUCH,FALSE,0,26.95,1,0,0,0,0,1,FALSE,FALSE,FALSE,FALSE,0,
28399121557,PUSHEEN - PUSHEENOSAURUS WITH EGG GRN,FALSE,0,26.95,0,0,0,0,0,0,FALSE,FALSE,FALSE,FALSE,0,
778988395967,PUSHEEN - RAINBOW OMBRE 24CM,FALSE,0,59.95,0,0,0,1,0,1,FALSE,FALSE,FALSE,FALSE,0,
778988317006,PUSHEEN - PUSHEEN RAINBOW 24CM,FALSE,0,54.95,0,0,0,0,0,0,FALSE,FALSE,FALSE,FALSE,0,
5055918640546,PUSHEEN - BACKPACK W/POCKET PNK,FALSE,0,44.95,0,0,0,0,0,0,FALSE,FALSE,FALSE,FALSE,0,
5055918644421,PUSHEEN - SD PENCIL ERASER TOP X12,FALSE,0,3.95,0,0,0,0,0,0,FALSE,FALSE,FALSE,FALSE,0,
28399121595,PUSHEEN - PUSHEENOSAURUS SBRRY BANANA,FALSE,0,49.95,0,0,0,0,0,0,FALSE,FALSE,FALSE,FALSE,0,
5055071770340,PUSHEEN - REUSEABLE SHOPPING BAG,FALSE,0,9.95,5,0,0,0,0,5,FALSE,FALSE,FALSE,FALSE,0,
28399107926,\XMAS18 - PUSHEEN WREATH,FALSE,0,39.95,0,0,0,0,0,0,TRUE,FALSE,FALSE,FALSE,0,
778988326466,PUSHEEN - PUSHEEN & BO BEST FRIEND SET,FALSE,0,54.95,0,0,0,0,0,0,FALSE,FALSE,FALSE,FALSE,0,
28399108060,\XMAS18 - PUSHEEN SNOWMAN TOP HAT SCARF,FALSE,0,22.95,0,0,0,0,0,0,TRUE,FALSE,FALSE,FALSE,0,
5055918649310,PUSHEEN - HEADBAND CUTE & FIERCE,FALSE,0,17.95,0,0,0,0,0,0,FALSE,FALSE,FALSE,FALSE,0,
28399121533,PUSHEEN - BACKPACK PUSHEENICORN,FALSE,0,59.95,0,0,0,0,0,0,FALSE,FALSE,FALSE,FALSE,0,
5055918644414,PUSHEEN - SD PEN POMPOM X12,FALSE,0,5.95,0,0,0,0,0,0,FALSE,FALSE,FALSE,FALSE,0,
778988326435,PUSHEEN SQUISHEEN DONUT 30CM,FALSE,0,69.95,0,0,0,0,0,0,FALSE,FALSE,FALSE,FALSE,0,
28399073849,PUSHEEN - PASTEL PLUSH PINK SM 15CM,FALSE,0,22.95,0,0,0,0,0,0,FALSE,FALSE,FALSE,FALSE,0,
28399094851,PUSHEEN - PIZZA PLUSH 24CM,FALSE,0,44.95,0,0,0,0,0,0,FALSE,FALSE,FALSE,FALSE,0,
28399086733,PUSHEEN - SNACKABLE PLUSH CHRISTMAS,FALSE,0,44.95,1,0,0,0,0,1,FALSE,FALSE,FALSE,FALSE,0,
778988482445,PUSHEEN - BIRTHDAY 24CM,FALSE,0,59.95,0,0,0,0,0,0,FALSE,FALSE,FALSE,FALSE,0,
5060491773833,PUSHEEN - SOCK IN A MUG MARSHMALLOW,FALSE,0,34.95,0,0,0,0,0,0,FALSE,FALSE,FALSE,FALSE,0,
5055918640560,PUSHEEN - TOTE BAG WELL READ,FALSE,0,19.95,0,0,0,0,0,0,FALSE,FALSE,FALSE,FALSE,0,
5055918640577,PUSHEEN - UMBRELLA,FALSE,0,29.95,0,0,0,0,0,0,FALSE,FALSE,FALSE,FALSE,0,
5055918613274,PUSHEEN - PURSE,FALSE,0,14.95,0,0,0,0,0,0,FALSE,FALSE,FALSE,FALSE,0,
28399108091,PUSHEEN - PUSHEENICORN SOUND MINT,FALSE,0,29.95,0,0,0,0,0,0,FALSE,FALSE,FALSE,FALSE,0,
5055918640423,PUSHEEN - GEL PEN SET,FALSE,0,8.95,0,0,0,0,0,0,FALSE,FALSE,FALSE,FALSE,0,
28399086740,PUSHEEN - PUSHEENOSAURUS 33CM,FALSE,0,44.95,0,0,0,0,0,0,FALSE,FALSE,FALSE,FALSE,0,
28399122325,PUSHEEN - SQUISHEEN SITTING 28CM,FALSE,0,59.95,0,0,0,0,0,0,FALSE,FALSE,FALSE,FALSE,0,
28399094868,PUSHEEN - SUSHI PLUSH 24CM,FALSE,0,49.95,0,0,0,0,0,0,FALSE,FALSE,FALSE,FALSE,0,
28399111725,PUSHEEN - PUGSHEEN,FALSE,0,44.95,0,0,0,0,0,0,FALSE,FALSE,FALSE,FALSE,0,
778988446683,PUSHEEN - BLIND BOX BREAKFAST SURPRISE,FALSE,0,22.95,0,0,0,0,0,0,FALSE,FALSE,FALSE,FALSE,0,
5055918616091,PUSHEEN - EXERCISE BOOK SET,FALSE,0,9.95,0,0,0,0,0,0,FALSE,FALSE,FALSE,FALSE,0,
28399107933,\XMAS18 - PUSHEEN WREATH ORNAMENT,FALSE,0,19.95,0,0,0,0,0,0,TRUE,FALSE,FALSE,FALSE,0,
28399111701,PUSHEEN - BACKPACK CLIP NARWHAL,FALSE,0,19.95,0,0,0,0,0,0,FALSE,FALSE,FALSE,FALSE,0,
5055918643646,PUSHEEN - WILD SIDE PEN 10 COL,FALSE,0,9.95,0,0,0,0,0,0,FALSE,FALSE,FALSE,FALSE,0,
778988433102,PUSHEEN - CHOC DIPPED COOKIE,FALSE,0,34.95,0,0,0,0,0,0,FALSE,FALSE,FALSE,FALSE,0,
778988395950,PUSHEEN - BLIND BOX CATFE,FALSE,0,22.95,0,0,0,0,0,0,FALSE,FALSE,FALSE,FALSE,0,
28399111770,PUSHEEN - KEY CHAIN SUPER PUSHEENICORN,FALSE,0,19.95,0,0,0,0,0,0,FALSE,FALSE,FALSE,FALSE,0,
5060491773857,PUSHEEN - SOCK IN A MUG PUSHEENICORN,FALSE,0,34.95,0,0,0,0,0,0,FALSE,FALSE,FALSE,FALSE,0,
28399121496,PUSHEEN - BLIND BOX SERIES 9,FALSE,0,17.95,0,0,0,0,0,0,FALSE,FALSE,FALSE,FALSE,0,
778988475072,PUSHEEN - WITH DONUT GIFTSET PLUSH & KEY,FALSE,0,49.95,0,0,0,0,0,0,FALSE,FALSE,FALSE,FALSE,0,
28399069347,PUSHEEN - PLUSH MED 30CM,FALSE,0,49.95,0,0,0,0,0,0,FALSE,FALSE,FALSE,FALSE,0,
5055918643653,PUSHEEN - WILD SIDE STATIONERY SET,FALSE,0,29.95,0,0,0,0,0,0,FALSE,FALSE,FALSE,FALSE,0,
778988475157,PUSHEEN - BLUE DINOSHEEN 23CM,FALSE,0,49.95,0,0,0,0,0,0,FALSE,FALSE,FALSE,FALSE,0,
778988461938,PUSHEEN - SQUISHEEN ROUND RAINBOW 27CM,FALSE,0,59.95,1,0,0,0,0,1,FALSE,FALSE,FALSE,FALSE,0,
778988434208,PUSHEEN - SIPS JUICE BOX,FALSE,0,39.95,0,0,0,0,0,0,FALSE,FALSE,FALSE,FALSE,0,
5055918626069,PUSHEEN - TRAVEL MUG,FALSE,0,14.95,0,0,0,0,0,0,FALSE,FALSE,FALSE,FALSE,0,
45544954457,\EASTER19 PUSHEEN TIN EGG ORMNT EGG HUNT,FALSE,0,7.95,0,0,0,0,0,0,TRUE,FALSE,FALSE,FALSE,0,
5055918643684,PUSHEEN - WILD SIDE KEYRING POMPOM,FALSE,0,19.95,0,0,0,0,0,0,FALSE,FALSE,FALSE,FALSE,0,
5055918654468,PUSHEEN - TIE DYE MINI BACKPACK,FALSE,0,22.95,0,0,0,0,0,0,FALSE,FALSE,FALSE,FALSE,0,
28399069330,PUSHEEN - PLUSH SML 15CM,FALSE,0,22.95,0,0,0,0,0,0,FALSE,FALSE,FALSE,FALSE,0,
28399121649,PUSHEEN - DRAGONPIP 15CM,FALSE,0,39.95,0,0,0,0,0,0,FALSE,FALSE,FALSE,FALSE,0,
5055071771033,PUSHEEN - TRAVEL PILLOW,FALSE,0,24.95,0,0,0,0,0,0,FALSE,FALSE,FALSE,FALSE,0,
5055918649198,PUSHEEN PENCIL CASE CUTE & FIERCE,FALSE,0,19.95,0,0,0,0,0,0,FALSE,FALSE,FALSE,FALSE,0,
5055918640522,PUSHEEN - PENCIL CASE CUTE STUFF,FALSE,0,16.95,0,0,0,0,0,0,FALSE,FALSE,FALSE,FALSE,0,
778988345344,PUSHEEN - SQUISHY TIRAMISU,FALSE,0,24.95,0,0,0,0,0,0,FALSE,FALSE,FALSE,FALSE,0,
28399112364,PUSHEEN - COIN PURSE PUSHEENOSAURUS,FALSE,0,19.95,0,0,0,0,0,0,FALSE,FALSE,FALSE,FALSE,0,
778988433799,PUSHEEN - MEOWSHMALLOWS IN PLUSH BAG,FALSE,0,69.95,0,0,0,0,0,0,FALSE,FALSE,FALSE,FALSE,0,
28399089314,PUSHEEN - MERMAID 33CM,FALSE,0,54.95,0,0,0,0,0,0,FALSE,FALSE,FALSE,FALSE,0,
45544958370,PUSHEEN - DISH PUSHEENICORN,FALSE,0,24.95,0,0,0,0,0,0,FALSE,FALSE,FALSE,FALSE,0,
5055918654482,PUSHEEN - KEYRING 3D CHARMS TIE DYE,FALSE,0,19.95,0,0,0,0,0,0,FALSE,FALSE,FALSE,FALSE,0,
5055918649143,PUSHEEN - WATER BTTLE CUTE & FIERCE,FALSE,0,19.95,0,0,0,0,0,0,FALSE,FALSE,FALSE,FALSE,0,
28399122318,PUSHEEN - SQUISHEEN SITTING 15CM,FALSE,0,29.95,0,0,0,0,0,0,FALSE,FALSE,FALSE,FALSE,0,
5055918643851,PUSHEEN - WILD SIDE STORAGE POT,FALSE,0,14.95,0,0,0,0,0,0,FALSE,FALSE,FALSE,FALSE,0,
5055918650293,PUSHEEN DESK PAD +STICKY NOTES,FALSE,0,14.95,0,0,0,0,0,0,FALSE,FALSE,FALSE,FALSE,0,
28399084234,PUSHEEN - PLUSH DELUX LRG,FALSE,0,79.95,0,0,0,0,0,0,FALSE,FALSE,FALSE,FALSE,0,
5055918650316,PUSHEEN STATIONERY SET,FALSE,0,28.95,0,0,0,0,0,0,FALSE,FALSE,FALSE,FALSE,0,
28399101658,PUSHEEN - PASTEL PLUSH PINK LRG,FALSE,0,44.95,0,0,0,0,0,0,FALSE,FALSE,FALSE,FALSE,0,
28399108039,PUSHEEN - BACKPACK CLIP DONUT,FALSE,0,19.95,0,0,0,0,0,0,FALSE,FALSE,FALSE,FALSE,0,
28399107919,PUSHEEN - PENCIL CASE PUSHEENICORN,FALSE,0,29.95,0,0,0,0,0,0,FALSE,FALSE,FALSE,FALSE,0,
5060491770702,PUSHEEN - TRAVEL MUG PUSHEENICORN,FALSE,0,19.95,0,0,0,0,0,0,FALSE,FALSE,FALSE,FALSE,0,
766,PUSHEEN - CHOC DIPPED COOKIE,FALSE,0,0,0,0,0,0,0,0,FALSE,FALSE,FALSE,FALSE,0,
45544958424,PUSHEEN - SNACK BOWL POPCORN MED,FALSE,0,29.95,0,0,0,0,0,0,FALSE,FALSE,FALSE,FALSE,0,
5055918644551,PUSHEEN - SD TOTE BAG,FALSE,0,24.95,0,0,0,0,0,0,FALSE,FALSE,FALSE,FALSE,0,
5055918643660,PUSHEEN - WILD SIDE WATER BOTTLE,FALSE,0,19.95,0,0,0,0,0,0,FALSE,FALSE,FALSE,FALSE,0,
5055918658558,PUSHEEN - SIPS DRINK CARTON SBRRY,FALSE,0,22.95,0,0,0,0,0,0,FALSE,FALSE,FALSE,FALSE,0,
778988434215,PUSHEEN - SIPS BOBA TEA,FALSE,0,39.95,0,0,0,0,0,0,FALSE,FALSE,FALSE,FALSE,0,
778988475089,PUSHEEN - WITH PIZZA GIFT SET PLUSH KEY,FALSE,0,49.95,0,0,0,0,0,0,FALSE,FALSE,FALSE,FALSE,0,
5060491770658,PUSHEEN - TEA FOR ONE TEAPOT,FALSE,0,49.95,0,0,0,0,0,0,FALSE,FALSE,FALSE,FALSE,0,
28399073979,PUSHEEN - BACKPACK CLIP PUSHEENICORN,FALSE,0,19.95,0,0,0,0,0,0,FALSE,FALSE,FALSE,FALSE,0,
778988421628,PUSHEEN - BLIND BOX MAGICAL 17,FALSE,0,22.95,0,0,0,0,0,0,FALSE,FALSE,FALSE,FALSE,0,
5055918656264,PUSHEEN - SELFCARE CLUB KEYRING,FALSE,0,11.95,0,0,0,0,0,0,FALSE,FALSE,FALSE,FALSE,0,
28399097173,PUSHEEN - SUNGLASSES COLLECTOR SET,FALSE,0,49.95,0,0,0,0,0,0,FALSE,FALSE,FALSE,FALSE,0,
778988480243,PUSHEEN - SUMMER SLOTH 30CM,FALSE,0,59.95,2,0,0,0,0,2,FALSE,FALSE,FALSE,FALSE,0,
778988433010,PUSHEEN - BLIND BOX ICECRM SERIES18,FALSE,0,22.95,0,0,0,0,0,0,FALSE,FALSE,FALSE,FALSE,0,
5055918616183,PUSHEEN - GLITTER FRAME,FALSE,0,12.95,0,0,0,0,0,0,FALSE,FALSE,FALSE,FALSE,0,
45544958462,PUSHEEN - MUG CELEBRATE,FALSE,0,24.95,0,0,0,0,0,0,FALSE,FALSE,FALSE,FALSE,0,
778988475126,PUSHEEN - DRAGONSHEEN SQUEEZE 23CM,FALSE,0,66.95,0,0,0,0,0,0,FALSE,FALSE,FALSE,FALSE,0,
5055918644469,PUSHEEN - SD PEN SET,FALSE,0,8.95,0,0,0,0,0,0,FALSE,FALSE,FALSE,FALSE,0,
28399112913,PUSHEEN - BACKPACK CLIP DLX MERMAID,FALSE,0,34.95,0,0,0,0,0,0,FALSE,FALSE,FALSE,FALSE,0,
5055918640447,PUSHEEN - ERASER SET,FALSE,0,7.95,0,0,0,0,0,0,FALSE,FALSE,FALSE,FALSE,0,
28399073894,PUSHEEN - ACCESSORY CASE 21.5CM,FALSE,0,29.95,0,0,0,0,0,0,FALSE,FALSE,FALSE,FALSE,0,
778988475164,PUSHEEN - PURPLE DINO 23CM,FALSE,0,64.95,0,0,0,0,0,0,FALSE,FALSE,FALSE,FALSE,0,
5060491773802,PUSHEEN - MUG COLOUR CHANGE,FALSE,0,22.95,0,0,0,0,0,0,FALSE,FALSE,FALSE,FALSE,0,
778988475140,PUSHEEN - EASTER BUNNY,FALSE,0,29.95,0,0,0,0,0,0,FALSE,FALSE,FALSE,FALSE,0,
28399108022,PUSHEEN - BACKPACK CLIP POTATO CHIPS,FALSE,0,19.95,0,0,0,0,0,0,FALSE,FALSE,FALSE,FALSE,0,
5055918640492,PUSHEEN - DRINK BOTTLE,FALSE,0,16.95,0,0,0,0,0,0,FALSE,FALSE,FALSE,FALSE,0,
5055918644452,PUSHEEN - SD STICKER SHEETS X12,FALSE,0,3.95,0,0,0,0,0,0,FALSE,FALSE,FALSE,FALSE,0,
5055918655762,PUSHEEN - PATISSERIE ERASER SET,FALSE,0,12.95,0,0,0,0,0,0,FALSE,FALSE,FALSE,FALSE,0,
28399108084,PUSHEEN - HALLOWEEN ZOMBIE LRG,FALSE,0,44.95,0,0,0,0,0,0,FALSE,FALSE,FALSE,FALSE,0,
5055918613236,PUSHEEN - PENCIL CASE,FALSE,0,19.95,0,0,0,0,0,0,FALSE,FALSE,FALSE,FALSE,0,
28399101672,PUSHEEN - PASTEL PLUSH PURPLE LRG,FALSE,0,44.95,0,0,0,0,0,0,FALSE,FALSE,FALSE,FALSE,0,
778988475133,PUSHEEN - VALENTINE 15CM,FALSE,0,29.95,0,0,0,0,0,0,FALSE,FALSE,FALSE,FALSE,0,
5055918643691,PUSHEEN - WILD SIDE PENCIL CASE,FALSE,0,19.95,0,0,0,0,0,0,FALSE,FALSE,FALSE,FALSE,0,
5055918659357,PUSHEEN - ICE CREAM STATIONERY SET,FALSE,0,22.95,2,0,2,0,0,4,FALSE,FALSE,FALSE,FALSE,0,
5051516803543,PUSHEEN - CUSHION LYING PINK BOW,FALSE,0,34.95,0,0,0,0,0,0,FALSE,FALSE,FALSE,FALSE,0,
5055918640416,PUSHEEN - PENCIL ERASER TOP,FALSE,0,3.65,0,0,0,0,0,0,FALSE,FALSE,FALSE,FALSE,0,
5055918643707,PUSHEEN - WILD SIDE EYE MASK,FALSE,0,14.95,0,0,0,0,0,0,FALSE,FALSE,FALSE,FALSE,0,
28399107834,PUSHEEN - PUSHEEN W/SUNDAE,FALSE,0,44.95,0,0,0,0,0,0,FALSE,FALSE,FALSE,FALSE,0,
778988475065,PUSHEEN - SUPER PUSHEENUNICARN CLD BOXED,FALSE,0,64.95,1,0,0,0,0,1,FALSE,FALSE,FALSE,FALSE,0,
9316414108883,DOORMAT - PUSHEEN,FALSE,0,34.95,0,0,0,0,0,0,FALSE,FALSE,FALSE,FALSE,0,
28399107858,PUSHEEN - BACKPACK CLIP STORMY,FALSE,0,19.95,0,0,0,0,0,0,FALSE,FALSE,FALSE,FALSE,0,
5055918655755,PUSHEEN - PATISSERIE MINI 10 COL PEN SET,FALSE,0,14.95,0,0,0,0,0,0,FALSE,FALSE,FALSE,FALSE,0,
778988462706,PUSHEEN ENCHANTED FROG 24CM,FALSE,0,59.95,0,0,0,0,0,0,FALSE,FALSE,FALSE,FALSE,0,
28399073900,PUSHEEN - BACKPACK CLIP BOW 11.5CM,FALSE,0,19.95,0,0,0,0,0,0,FALSE,FALSE,FALSE,FALSE,0,
5055918640508,PUSHEEN - BEAKER W/STRAW,FALSE,0,16.95,0,0,0,0,0,0,FALSE,FALSE,FALSE,FALSE,0,
5055918628919,PUSHEEN - PENCIL CASE PVC LRG,FALSE,0,12.95,0,0,0,0,0,0,FALSE,FALSE,FALSE,FALSE,0,
5060613317488,PUSHEEN - MYSTERY MINIS SERIES 3,FALSE,0,15.95,0,0,0,0,0,0,FALSE,FALSE,FALSE,FALSE,0,
778988480267,PUSHEEN - SQUISHEEN PINK SITTING POSE,FALSE,0,34.95,0,0,0,0,0,0,FALSE,FALSE,FALSE,FALSE,0,
5055071770319,PUSHEEN - MANICURE SET,FALSE,0,14.95,0,0,0,0,0,0,FALSE,FALSE,FALSE,FALSE,0,
778988475027,PUSHEEN - SQUISHEEN - BLUE,FALSE,0,64.95,0,0,0,0,0,0,FALSE,FALSE,FALSE,FALSE,0,
28399073955,PUSHEEN - PUSHEENICORN 33CM,FALSE,0,59.95,0,0,0,0,0,0,FALSE,FALSE,FALSE,FALSE,0,
5060491770719,PUSHEEN - TRAVEL MUG CATPUSHEENO,FALSE,0,16.95,0,0,0,0,0,0,FALSE,FALSE,FALSE,FALSE,0,
778988485651,PUSHEEN - ICE CRM SQUISHY,FALSE,0,29.95,0,0,0,0,0,0,FALSE,FALSE,FALSE,FALSE,0,
28399101665,PUSHEEN - PASTEL PLUSH MINT LRG 30CM,FALSE,0,44.95,0,0,0,0,0,0,FALSE,FALSE,FALSE,FALSE,0,
5055918644520,PUSHEEN - SD PENCIL CASE,FALSE,0,14.95,0,0,0,0,0,0,FALSE,FALSE,FALSE,FALSE,0,
45544953030,PUSHEEN - MUG THINGS I LOVE,FALSE,0,24.95,0,0,0,0,0,0,FALSE,FALSE,FALSE,FALSE,0,
28399101702,PUSHEEN - MERMAID CLAMSHELL 18CM,FALSE,0,24.95,0,0,0,0,0,0,FALSE,FALSE,FALSE,FALSE,0,
778988317044,PUSHEEN - ANNIVERSRY,FALSE,0,34.95,0,0,0,0,0,0,FALSE,FALSE,FALSE,FALSE,0,
5055918656219,PUSHEEN - PEN 10 COLOUR,FALSE,0,11.95,0,0,0,0,0,0,FALSE,FALSE,FALSE,FALSE,0,
45544954471,\EASTER19 PUSHEEN TIN EGG ORMNT MAY FLWR,FALSE,0,7.95,0,0,0,0,0,0,TRUE,FALSE,FALSE,FALSE,0,
5055918626137,PUSHEEN - 3D KEYRING,FALSE,0,14.95,0,0,0,0,0,0,FALSE,FALSE,FALSE,FALSE,0,
5055918628889,PUSHEEN - DRINK BOTTLE DAYDREAM 600ML,FALSE,0,16.95,0,0,0,0,0,0,FALSE,FALSE,FALSE,FALSE,0,
28399109470,PUSHEEN - BLIND BOX SERIES 6,FALSE,0,17.95,0,0,0,0,0,0,FALSE,FALSE,FALSE,FALSE,0,
5055918644483,PUSHEEN - SD DRINK BOTTLE,FALSE,0,16.95,0,0,0,0,0,0,FALSE,FALSE,FALSE,FALSE,0,
778988485637,PUSHEEN - MACARON PUSHEEN SQUISHY,FALSE,0,28.95,0,0,0,0,0,0,FALSE,FALSE,FALSE,FALSE,0,
778988326404,PUSHEEN - FLOWER PETAL 24CM,FALSE,0,54.95,0,0,0,0,0,0,FALSE,FALSE,FALSE,FALSE,0,
45544973700,PUSHEEN - MUG SCULPT LRG,FALSE,0,34.95,0,0,0,0,0,0,FALSE,FALSE,FALSE,FALSE,0,
5055918644384,PUSHEEN - SD NOTEBOOK A5 LUXURY,FALSE,0,22.95,0,0,0,0,0,0,FALSE,FALSE,FALSE,FALSE,0,
5055918640386,PUSHEEN - NOTEBOOK A5 LUX,FALSE,0,16.95,0,0,0,0,0,0,FALSE,FALSE,FALSE,FALSE,0,
45544958431,PUSHEEN - SNACK BOWL CHIPS MED,FALSE,0,29.95,0,0,0,0,0,0,FALSE,FALSE,FALSE,FALSE,0,
5055918656288,PUSHEEN - SELFCARE CLUB WATER BOTTLE,FALSE,0,34.95,1,0,0,0,0,1,FALSE,FALSE,FALSE,FALSE,0,
45544959056,PUSHEEN - SUSHI SET,FALSE,0,59.95,0,0,0,0,0,0,FALSE,FALSE,FALSE,FALSE,0,
5055918660018,PUSHEEN - FRUITS A5 PROJECT BOOK,FALSE,0,14.95,6,0,0,0,0,0,FALSE,FALSE,FALSE,FALSE,6,
5055918660162,PUSHEEN - FRUITS BACKPACK,FALSE,0,46.95,3,0,0,0,0,0,FALSE,FALSE,FALSE,FALSE,3,
5055918660148,PUSHEEN - FRUITS BEAKER AND STRAW,FALSE,0,22.95,3,0,0,0,0,0,FALSE,FALSE,FALSE,FALSE,3,
5055918660032,PUSHEEN - FRUITS DESK PAD,FALSE,0,12.95,6,0,0,0,0,0,FALSE,FALSE,FALSE,FALSE,6,
5055918660476,PUSHEEN - FRUITS KEYRING,FALSE,0,9.95,5,0,0,0,0,0,FALSE,FALSE,FALSE,FALSE,5,
5055918660056,PUSHEEN - FRUITS MULTI COLR PEN,FALSE,0,8.95,6,0,0,0,0,0,FALSE,FALSE,FALSE,FALSE,6,
5055918660117,PUSHEEN - FRUITS NOVELTY PENCIL CASE,FALSE,0,23.95,3,0,0,0,0,0,FALSE,FALSE,FALSE,FALSE,3,
5055918660094,PUSHEEN - FRUITS PENCIL SET,FALSE,0,7.95,6,0,0,0,0,0,FALSE,FALSE,FALSE,FALSE,6,
5055918660063,PUSHEEN - FRUITS PEN SET,FALSE,0,14.95,6,0,0,0,0,0,FALSE,FALSE,FALSE,FALSE,6,
5055918660100,PUSHEEN - FRUITS PENCIL CASE,FALSE,0,14.95,3,0,0,0,0,0,FALSE,FALSE,FALSE,FALSE,3,
5055918660025,PUSHEEN - FRUITS PLUSH NOTEBOOK,FALSE,0,23.95,6,0,0,0,0,0,FALSE,FALSE,FALSE,FALSE,6,
5055918660049,PUSHEEN - FRUITS SCENTED STICKERS,FALSE,0,4.95,12,0,0,0,0,0,FALSE,FALSE,FALSE,FALSE,12,
5055918660070,PUSHEEN - FRUITS STATIONERY SET,FALSE,0,12.95,6,0,0,0,0,0,FALSE,FALSE,FALSE,FALSE,6,
5055918660155,PUSHEEN - FRUITS TOTE BAG,FALSE,0,23.95,2,0,0,0,0,0,FALSE,FALSE,FALSE,FALSE,2,
5055918660131,PUSHEEN - FRUITS TRAVEL MUG,FALSE,0,22.95,3,0,0,0,0,0,FALSE,FALSE,FALSE,FALSE,3,
5055918660124,PUSHEEN - FRUITS WATERBOTTLE,FALSE,0,24.95,3,0,0,0,0,0,FALSE,FALSE,FALSE,FALSE,3,
